kokku	sõnavorm	tükeldus	uued_tüved	kokku_tüvesid	uued_lõpud	kokku_tüvesid+lõppusid
0	tegi	[ te ##gi ]	[ te ]	1	[ ##gi ]	2
27214	ja	[ ja ]	[ ja ]	2	[ ]	3
19184	on	[ on ]	[ on ]	3	[ ]	4
13810	ei	[ ei ]	[ ei ]	4	[ ]	5
12314	et	[ et ]	[ et ]	5	[ ]	6
10170	ta	[ ta ]	[ ta ]	6	[ ]	7
8861	oli	[ ol ##i ]	[ ol ]	7	[ ##i ]	9
8599	kui	[ kui ]	[ kui ]	8	[ ]	10
6191	ka	[ ka ]	[ ka ]	9	[ ]	11
6114	see	[ see ]	[ see ]	10	[ ]	12
5329	oma	[ oma ]	[ oma ]	11	[ ]	13
5274	aga	[ aga ]	[ aga ]	12	[ ]	14
4454	ma	[ ma ]	[ ma ]	13	[ ]	15
4409	ning	[ ning ]	[ ning ]	14	[ ]	16
4391	mis	[ mis ]	[ mis ]	15	[ ]	17
4238	siis	[ siis ]	[ siis ]	16	[ ]	18
3523	nii	[ nii ]	[ nii ]	17	[ ]	19
3310	või	[ või ]	[ või ]	18	[ ]	20
3177	seda	[ se ##da ]	[ se ]	19	[ ##da ]	22
2961	nagu	[ nagu ]	[ nagu ]	20	[ ]	23
2961	kes	[ kes ]	[ kes ]	21	[ ]	24
2720	tema	[ tema ]	[ tema ]	22	[ ]	25
2550	veel	[ vee ##l ]	[ vee ]	23	[ ##l ]	27
2534	pole	[ pole ]	[ pole ]	24	[ ]	28
2341	kuid	[ ku ##id ]	[ ku ]	25	[ ##id ]	30
2337	selle	[ sell ##e ]	[ sell ]	26	[ ##e ]	32
2287	kas	[ kas ]	[ kas ]	27	[ ]	33
2234	juba	[ juba ]	[ juba ]	28	[ ]	34
2190	nad	[ na ##d ]	[ na ]	29	[ ##d ]	36
2008	välja	[ välja ]	[ välja ]	30	[ ]	37
1978	midagi	[ mi ##dagi ]	[ mi ]	31	[ ##dagi ]	39
1972	kõik	[ kõik ]	[ kõik ]	32	[ ]	40
1949	ütles	[ ütle ##s ]	[ ütle ]	33	[ ##s ]	42
1878	ära	[ ära ]	[ ära ]	34	[ ]	43
1789	üle	[ üle ]	[ üle ]	35	[ ]	44
1772	nüüd	[ nüüd ]	[ nüüd ]	36	[ ]	45
1766	sest	[ se ##st ]	[ ]	36	[ ##st ]	46
1762	mida	[ mi ##da ]	[ ]	36	[ ]	46
1737	mitte	[ mitte ]	[ mitte ]	37	[ ]	47
1735	ole	[ ole ]	[ ole ]	38	[ ]	48
1720	vaid	[ vaid ]	[ vaid ]	39	[ ]	49
1695	oleks	[ ole ##ks ]	[ ]	39	[ ##ks ]	50
1677	sa	[ sa ]	[ sa ]	40	[ ]	51
1666	olid	[ ol ##id ]	[ ]	40	[ ]	51
1562	pärast	[ pära ##st ]	[ pära ]	41	[ ]	52
1545	küll	[ küll ]	[ küll ]	42	[ ]	53
1543	vastu	[ vastu ]	[ vastu ]	43	[ ]	54
1527	nende	[ nen ##de ]	[ nen ]	44	[ ##de ]	56
1483	kus	[ kus ]	[ kus ]	45	[ ]	57
1447	meie	[ meie ]	[ meie ]	46	[ ]	58
1445	olnud	[ ol ##nud ]	[ ]	46	[ ##nud ]	59
1402	üks	[ üks ]	[ üks ]	47	[ ]	60
1386	enam	[ enam ]	[ enam ]	48	[ ]	61
1382	ainult	[ ainu ##lt ]	[ ainu ]	49	[ ##lt ]	63
1305	eest	[ ee ##st ]	[ ee ]	50	[ ]	64
1293	tuleb	[ tule ##b ]	[ tule ]	51	[ ##b ]	66
1273	võib	[ või ##b ]	[ ]	51	[ ]	66
1261	ju	[ ju ]	[ ju ]	52	[ ]	67
1248	tagasi	[ tagasi ]	[ tagasi ]	53	[ ]	68
1227	neid	[ nei ##d ]	[ nei ]	54	[ ]	69
1226	teda	[ te ##da ]	[ ]	54	[ ]	69
1204	ega	[ ega ]	[ ega ]	55	[ ]	70
1199	kuidas	[ kuidas ]	[ kuidas ]	56	[ ]	71
1193	polnud	[ pol ##nud ]	[ pol ]	57	[ ]	72
1186	peale	[ pea ##le ]	[ pea ]	58	[ ##le ]	74
1175	need	[ nee ##d ]	[ nee ]	59	[ ]	75
1173	ise	[ ise ]	[ ise ]	60	[ ]	76
1142	väga	[ väga ]	[ väga ]	61	[ ]	77
1130	aasta	[ aasta ]	[ aasta ]	62	[ ]	78
1127	krooni	[ krooni ]	[ krooni ]	63	[ ]	79
1124	siin	[ siin ]	[ siin ]	64	[ ]	80
1120	palju	[ palju ]	[ palju ]	65	[ ]	81
1102	me	[ me ]	[ me ]	66	[ ]	82
1082	mees	[ mee ##s ]	[ mee ]	67	[ ]	83
1076	läbi	[ läbi ]	[ läbi ]	68	[ ]	84
1071	minu	[ minu ]	[ minu ]	69	[ ]	85
1042	olla	[ oll ##a ]	[ oll ]	70	[ ##a ]	87
1019	sellest	[ selle ##st ]	[ selle ]	71	[ ]	88
1004	saab	[ saa ##b ]	[ saa ]	72	[ ]	89
995	seal	[ sea ##l ]	[ sea ]	73	[ ]	90
992	tal	[ ta ##l ]	[ ]	73	[ ]	90
986	mille	[ mill ##e ]	[ mill ]	74	[ ]	91
975	kõige	[ kõige ]	[ kõige ]	75	[ ]	92
974	sõnul	[ sõn ##ul ]	[ sõn ]	76	[ ##ul ]	94
971	kaks	[ kaks ]	[ kaks ]	77	[ ]	95
963	talle	[ ta ##lle ]	[ ]	77	[ ##lle ]	96
948	ikka	[ ikka ]	[ ikka ]	78	[ ]	97
944	poole	[ pool ##e ]	[ pool ]	79	[ ]	98
934	ette	[ e ##tte ]	[ e ]	80	[ ##tte ]	100
933	olen	[ ole ##n ]	[ ]	80	[ ##n ]	101
931	alla	[ alla ]	[ alla ]	81	[ ]	102
919	tuli	[ tul ##i ]	[ tul ]	82	[ ]	103
907	saanud	[ saa ##nud ]	[ ]	82	[ ]	103
907	praegu	[ praegu ]	[ praegu ]	83	[ ]	104
899	just	[ just ]	[ just ]	84	[ ]	105
894	mulle	[ mu ##lle ]	[ mu ]	85	[ ]	106
891	enne	[ enne ]	[ enne ]	86	[ ]	107
881	teha	[ teh ##a ]	[ teh ]	87	[ ]	108
871	peab	[ pea ##b ]	[ ]	87	[ ]	108
867	saa	[ saa ]	[ ]	87	[ ]	108
863	kogu	[ kogu ]	[ kogu ]	88	[ ]	109
857	mu	[ mu ]	[ ]	88	[ ]	109
839	mina	[ mina ]	[ mina ]	89	[ ]	110
834	mul	[ mu ##l ]	[ ]	89	[ ]	110
833	isegi	[ isegi ]	[ isegi ]	90	[ ]	111
832	keegi	[ kee ##gi ]	[ kee ]	91	[ ]	112
831	raha	[ raha ]	[ raha ]	92	[ ]	113
829	sai	[ sa ##i ]	[ ]	92	[ ]	113
829	rohkem	[ rohkem ]	[ rohkem ]	93	[ ]	114
820	mind	[ min ##d ]	[ min ]	94	[ ]	115
814	ajal	[ aja ##l ]	[ aja ]	95	[ ]	116
786	miks	[ miks ]	[ miks ]	96	[ ]	117
779	aastal	[ aasta ##l ]	[ ]	96	[ ]	117
772	end	[ end ]	[ end ]	97	[ ]	118
766	kokku	[ kokku ]	[ kokku ]	98	[ ]	119
753	kohta	[ kohta ]	[ kohta ]	99	[ ]	120
743	ees	[ ee ##s ]	[ ]	99	[ ]	120
720	vahel	[ vahe ##l ]	[ vahe ]	100	[ ]	121
720	all	[ all ]	[ all ]	101	[ ]	122
709	kuni	[ kuni ]	[ kuni ]	102	[ ]	123
707	ühe	[ ühe ]	[ ühe ]	103	[ ]	124
706	koos	[ koo ##s ]	[ koo ]	104	[ ]	125
699	juurde	[ juur ##de ]	[ juur ]	105	[ ]	126
698	elu	[ elu ]	[ elu ]	106	[ ]	127
694	naine	[ naine ]	[ naine ]	107	[ ]	128
686	siiski	[ siiski ]	[ siiski ]	108	[ ]	129
680	iga	[ iga ]	[ iga ]	109	[ ]	130
678	ehk	[ ehk ]	[ ehk ]	110	[ ]	131
648	korda	[ korda ]	[ korda ]	111	[ ]	132
648	ema	[ ema ]	[ ema ]	112	[ ]	133
642	aastat	[ aasta ##t ]	[ ]	112	[ ##t ]	134
634	eile	[ eile ]	[ eile ]	113	[ ]	135
631	maha	[ maha ]	[ maha ]	114	[ ]	136
628	jäi	[ jä ##i ]	[ jä ]	115	[ ]	137
626	aega	[ aega ]	[ aega ]	116	[ ]	138
625	hea	[ hea ]	[ hea ]	117	[ ]	139
624	olema	[ ole ##ma ]	[ ]	117	[ ##ma ]	140
616	peaks	[ pea ##ks ]	[ ]	117	[ ]	140
611	selles	[ selle ##s ]	[ ]	117	[ ]	140
611	kohe	[ kohe ]	[ kohe ]	118	[ ]	141
608	vene	[ vene ]	[ vene ]	119	[ ]	142
608	edasi	[ edasi ]	[ edasi ]	120	[ ]	143
600	te	[ te ]	[ ]	120	[ ]	143
598	näiteks	[ näite ##ks ]	[ näite ]	121	[ ]	144
596	alles	[ alles ]	[ alles ]	122	[ ]	145
595	üles	[ üles ]	[ üles ]	123	[ ]	146
591	kuigi	[ kuigi ]	[ kuigi ]	124	[ ]	147
586	saada	[ saa ##da ]	[ ]	124	[ ]	147
578	suur	[ suur ]	[ suur ]	125	[ ]	148
576	sisse	[ siss ##e ]	[ siss ]	126	[ ]	149
567	läks	[ läk ##s ]	[ läk ]	127	[ ]	150
556	jälle	[ jälle ]	[ jälle ]	128	[ ]	151
556	hakkas	[ hakka ##s ]	[ hakka ]	129	[ ]	152
555	kord	[ kord ]	[ kord ]	130	[ ]	153
551	ümber	[ ümber ]	[ ümber ]	131	[ ]	154
549	muidugi	[ muidugi ]	[ muidugi ]	132	[ ]	155
540	osa	[ osa ]	[ osa ]	133	[ ]	156
540	aru	[ aru ]	[ aru ]	134	[ ]	157
537	kunagi	[ kunagi ]	[ kunagi ]	135	[ ]	158
536	enda	[ enda ]	[ enda ]	136	[ ]	159
533	teine	[ teine ]	[ teine ]	137	[ ]	160
528	ent	[ ent ]	[ ent ]	138	[ ]	161
527	kolm	[ kolm ]	[ kolm ]	139	[ ]	162
521	endale	[ enda ##le ]	[ ]	139	[ ]	162
520	kelle	[ kelle ]	[ kelle ]	140	[ ]	163
518	kinni	[ kinni ]	[ kinni ]	141	[ ]	164
515	vaja	[ vaja ]	[ vaja ]	142	[ ]	165
505	pidi	[ pid ##i ]	[ pid ]	143	[ ]	166
505	lahti	[ laht ##i ]	[ laht ]	144	[ ]	167
504	ennast	[ ennas ##t ]	[ ennas ]	145	[ ]	168
502	pea	[ pea ]	[ ]	145	[ ]	168
502	meil	[ mei ##l ]	[ mei ]	146	[ ]	169
502	alati	[ ala ##ti ]	[ ala ]	147	[ ##ti ]	171
499	taga	[ taga ]	[ taga ]	148	[ ]	172
491	juures	[ juure ##s ]	[ juure ]	149	[ ]	173
488	isa	[ isa ]	[ isa ]	150	[ ]	174
488	hästi	[ hästi ]	[ hästi ]	151	[ ]	175
487	miljonit	[ miljoni ##t ]	[ miljoni ]	152	[ ]	176
484	aeg	[ aeg ]	[ aeg ]	153	[ ]	177
483	taha	[ taha ]	[ taha ]	154	[ ]	178
483	ilma	[ ilma ]	[ ilma ]	155	[ ]	179
479	jääb	[ jää ##b ]	[ jää ]	156	[ ]	180
474	tea	[ tea ]	[ tea ]	157	[ ]	181
474	poolt	[ pool ##t ]	[ ]	157	[ ]	181
474	olin	[ ol ##in ]	[ ]	157	[ ##in ]	182
473	kaasa	[ kaasa ]	[ kaasa ]	158	[ ]	183
468	eriti	[ eriti ]	[ eriti ]	159	[ ]	184
467	täna	[ täna ]	[ täna ]	160	[ ]	185
464	üldse	[ üldse ]	[ üldse ]	161	[ ]	186
460	oled	[ ole ##d ]	[ ]	161	[ ]	186
457	ometi	[ ometi ]	[ ometi ]	162	[ ]	187
457	kahe	[ kahe ]	[ kahe ]	163	[ ]	188
456	võiks	[ või ##ks ]	[ ]	163	[ ]	188
456	tegi	[ te ##gi ]	[ ]	163	[ ]	188
454	jäänud	[ jää ##nud ]	[ ]	163	[ ]	188
452	võtta	[ võtt ##a ]	[ võtt ]	164	[ ]	189
452	samuti	[ samuti ]	[ samuti ]	165	[ ]	190
451	vana	[ vana ]	[ vana ]	166	[ ]	191
451	minna	[ minn ##a ]	[ minn ]	167	[ ]	192
447	võimalik	[ võimalik ]	[ võimalik ]	168	[ ]	193
447	hiljem	[ hiljem ]	[ hiljem ]	169	[ ]	194
446	läheb	[ lähe ##b ]	[ lähe ]	170	[ ]	195
444	liiga	[ liiga ]	[ liiga ]	171	[ ]	196
443	maja	[ maja ]	[ maja ]	172	[ ]	197
442	peaaegu	[ pea ##aegu ]	[ ##aegu ]	173	[ ]	198
441	mööda	[ mööda ]	[ mööda ]	174	[ ]	199
440	inimesed	[ inimese ##d ]	[ inimese ]	175	[ ]	200
439	jah	[ jah ]	[ jah ]	176	[ ]	201
438	lihtsalt	[ lihtsa ##lt ]	[ lihtsa ]	177	[ ]	202
437	päris	[ päri ##s ]	[ päri ]	178	[ ]	203
435	tulnud	[ tul ##nud ]	[ ]	178	[ ]	203
435	teie	[ teie ]	[ teie ]	179	[ ]	204
435	järgi	[ järg ##i ]	[ järg ]	180	[ ]	205
432	samas	[ sama ##s ]	[ sama ]	181	[ ]	206
431	sel	[ se ##l ]	[ ]	181	[ ]	206
431	järele	[ järele ]	[ järele ]	182	[ ]	207
427	selleks	[ selle ##ks ]	[ ]	182	[ ]	207
423	jooksul	[ jooksu ##l ]	[ jooksu ]	183	[ ]	208
420	lõpuks	[ lõpu ##ks ]	[ lõpu ]	184	[ ]	209
419	sama	[ sama ]	[ ]	184	[ ]	209
419	päeva	[ päeva ]	[ päeva ]	185	[ ]	210
419	linna	[ linna ]	[ linna ]	186	[ ]	211
416	teise	[ teise ]	[ teise ]	187	[ ]	212
414	sinna	[ sinna ]	[ sinna ]	188	[ ]	213
411	neist	[ nei ##st ]	[ ]	188	[ ]	213
409	öelda	[ öel ##da ]	[ öel ]	189	[ ]	214
409	mõni	[ mõni ]	[ mõni ]	190	[ ]	215
407	võis	[ või ##s ]	[ ]	190	[ ]	215
407	inimene	[ inimene ]	[ inimene ]	191	[ ]	216
404	olevat	[ ole ##vat ]	[ ]	191	[ ##vat ]	217
403	viis	[ vii ##s ]	[ vii ]	192	[ ]	218
403	uue	[ uue ]	[ uue ]	193	[ ]	219
402	eesti	[ eesti ]	[ eesti ]	194	[ ]	220
401	riigi	[ riigi ]	[ riigi ]	195	[ ]	221
400	tegelikult	[ tegeliku ##lt ]	[ tegeliku ]	196	[ ]	222
400	asi	[ asi ]	[ asi ]	197	[ ]	223
399	võttis	[ võtt ##is ]	[ ]	197	[ ##is ]	224
399	jaoks	[ jao ##ks ]	[ jao ]	198	[ ]	225
399	hoopis	[ hoopis ]	[ hoopis ]	199	[ ]	226
396	tee	[ tee ]	[ tee ]	200	[ ]	227
391	läinud	[ läi ##nud ]	[ läi ]	201	[ ]	228
390	pool	[ pool ]	[ ]	201	[ ]	228
386	vähemalt	[ vähema ##lt ]	[ vähema ]	202	[ ]	229
385	varem	[ varem ]	[ varem ]	203	[ ]	230
384	maa	[ maa ]	[ maa ]	204	[ ]	231
384	kuhu	[ kuhu ]	[ kuhu ]	205	[ ]	232
384	ilmselt	[ ilmse ##lt ]	[ ilmse ]	206	[ ]	233
383	neile	[ nei ##le ]	[ ]	206	[ ]	233
377	sellele	[ selle ##le ]	[ ]	206	[ ]	233
375	neil	[ nei ##l ]	[ ]	206	[ ]	233
373	teinud	[ tei ##nud ]	[ tei ]	207	[ ]	234
373	teada	[ tead ##a ]	[ tead ]	208	[ ]	235
370	kuna	[ kuna ]	[ kuna ]	209	[ ]	236
369	küsis	[ küsi ##s ]	[ küsi ]	210	[ ]	237
368	umbes	[ umbe ##s ]	[ umbe ]	211	[ ]	238
363	vaatas	[ vaata ##s ]	[ vaata ]	212	[ ]	239
362	mingi	[ mingi ]	[ mingi ]	213	[ ]	240
361	töö	[ töö ]	[ töö ]	214	[ ]	241
358	täis	[ täi ##s ]	[ täi ]	215	[ ]	242
357	sellega	[ selle ##ga ]	[ ]	215	[ ##ga ]	243
356	näha	[ näh ##a ]	[ näh ]	216	[ ]	244
355	raske	[ rask ##e ]	[ rask ]	217	[ ]	245
354	mõne	[ mõne ]	[ mõne ]	218	[ ]	246
353	vist	[ vist ]	[ vist ]	219	[ ]	247
353	täiesti	[ täiesti ]	[ täiesti ]	220	[ ]	248
351	tõesti	[ tõesti ]	[ tõesti ]	221	[ ]	249
348	suure	[ suure ]	[ suure ]	222	[ ]	250
347	teeb	[ tee ##b ]	[ ]	222	[ ]	250
345	kätte	[ kä ##tte ]	[ kä ]	223	[ ]	251
343	hakkab	[ hakka ##b ]	[ ]	223	[ ]	251
338	uus	[ uus ]	[ uus ]	224	[ ]	252
337	jõudnud	[ jõud ##nud ]	[ jõud ]	225	[ ]	253
336	ütleb	[ ütle ##b ]	[ ]	225	[ ]	253
334	kindlasti	[ kindlasti ]	[ kindlasti ]	226	[ ]	254
333	valmis	[ valmi ##s ]	[ valmi ]	227	[ ]	255
333	sina	[ sina ]	[ sina ]	228	[ ]	256
331	puhul	[ puhu ##l ]	[ puhu ]	229	[ ]	257
328	mitu	[ mitu ]	[ mitu ]	230	[ ]	258
326	mingit	[ mingi ##t ]	[ ]	230	[ ]	258
322	päeval	[ päeva ##l ]	[ ]	230	[ ]	258
322	kõrval	[ kõrva ##l ]	[ kõrva ]	231	[ ]	259
322	kust	[ kus ##t ]	[ ]	231	[ ]	259
321	sinu	[ sinu ]	[ sinu ]	232	[ ]	260
321	hommikul	[ hommiku ##l ]	[ hommiku ]	233	[ ]	261
321	esimene	[ esimene ]	[ esimene ]	234	[ ]	262
319	otsa	[ otsa ]	[ otsa ]	235	[ ]	263
316	õhtul	[ õhtu ##l ]	[ õhtu ]	236	[ ]	264
316	mehed	[ mehe ##d ]	[ mehe ]	237	[ ]	265
315	taas	[ taas ]	[ taas ]	238	[ ]	266
315	poleks	[ pole ##ks ]	[ ]	238	[ ]	266
315	maailma	[ maa ##ilma ]	[ ##ilma ]	239	[ ]	267
314	äkki	[ äkki ]	[ äkki ]	240	[ ]	268
314	kell	[ kell ]	[ kell ]	241	[ ]	269
311	uuesti	[ uuesti ]	[ uuesti ]	242	[ ]	270
311	rääkis	[ rääki ##s ]	[ rääki ]	243	[ ]	271
311	oleme	[ ole ##me ]	[ ]	243	[ ##me ]	272
311	anda	[ and ##a ]	[ and ]	244	[ ]	273
309	paar	[ paar ]	[ paar ]	245	[ ]	274
308	mehe	[ mehe ]	[ ]	245	[ ]	274
307	veidi	[ veidi ]	[ veidi ]	246	[ ]	275
307	rääkida	[ rääki ##da ]	[ ]	246	[ ]	275
307	aja	[ aja ]	[ ]	246	[ ]	275
306	sõna	[ sõna ]	[ sõna ]	247	[ ]	276
306	igal	[ iga ##l ]	[ ]	247	[ ]	276
304	selline	[ selline ]	[ selline ]	248	[ ]	277
304	juhul	[ juhu ##l ]	[ juhu ]	249	[ ]	278
303	mõned	[ mõne ##d ]	[ ]	249	[ ]	278
302	tõttu	[ tõttu ]	[ tõttu ]	250	[ ]	279
301	võib-olla	[ võib-olla ]	[ võib-olla ]	251	[ ]	280
301	tule	[ tule ]	[ ]	251	[ ]	280
301	riigikogu	[ riigi ##kogu ]	[ ##kogu ]	252	[ ]	281
301	millest	[ mill ##est ]	[ ]	252	[ ##est ]	282
300	valitsuse	[ valitsuse ]	[ valitsuse ]	253	[ ]	283
300	protsenti	[ protsenti ]	[ protsenti ]	254	[ ]	284
300	muud	[ muu ##d ]	[ muu ]	255	[ ]	285
299	tüdruk	[ tüdruk ]	[ tüdruk ]	256	[ ]	286
295	koju	[ koju ]	[ koju ]	257	[ ]	287
294	sulle	[ su ##lle ]	[ su ]	258	[ ]	288
292	teised	[ teise ##d ]	[ ]	258	[ ]	288
292	su	[ su ]	[ ]	258	[ ]	288
292	ikkagi	[ ikkagi ]	[ ikkagi ]	259	[ ]	289
290	tööd	[ töö ##d ]	[ ]	259	[ ]	289
290	silmad	[ silma ##d ]	[ silma ]	260	[ ]	290
290	ringi	[ ringi ]	[ ringi ]	261	[ ]	291
290	kinnitas	[ kinnita ##s ]	[ kinnita ]	262	[ ]	292
289	pisut	[ pisut ]	[ pisut ]	263	[ ]	293
289	keda	[ ke ##da ]	[ ke ]	264	[ ]	294
286	minema	[ mine ##ma ]	[ mine ]	265	[ ]	295
286	ligi	[ ligi ]	[ ligi ]	266	[ ]	296
282	vastas	[ vasta ##s ]	[ vasta ]	267	[ ]	297
282	inimest	[ inimes ##t ]	[ inimes ]	268	[ ]	298
281	poiss	[ poiss ]	[ poiss ]	269	[ ]	299
281	käis	[ käi ##s ]	[ käi ]	270	[ ]	300
281	asja	[ asja ]	[ asja ]	271	[ ]	301
281	annab	[ anna ##b ]	[ anna ]	272	[ ]	302
280	tehtud	[ teh ##tud ]	[ ]	272	[ ##tud ]	303
280	meile	[ mei ##le ]	[ ]	272	[ ]	303
278	ühel	[ ühe ##l ]	[ ]	272	[ ]	303
278	seni	[ seni ]	[ seni ]	273	[ ]	304
278	kohal	[ koha ##l ]	[ koha ]	274	[ ]	305
278	andis	[ and ##is ]	[ ]	274	[ ]	305
277	väike	[ väike ]	[ väike ]	275	[ ]	306
275	siia	[ siia ]	[ siia ]	276	[ ]	307
275	lisaks	[ lisa ##ks ]	[ lisa ]	277	[ ]	308
274	kodus	[ kodu ##s ]	[ kodu ]	278	[ ]	309
273	näinud	[ näi ##nud ]	[ näi ]	279	[ ]	310
273	käes	[ käe ##s ]	[ käe ]	280	[ ]	311
272	üsna	[ üsna ]	[ üsna ]	281	[ ]	312
271	sind	[ sin ##d ]	[ sin ]	282	[ ]	313
271	päev	[ päev ]	[ päev ]	283	[ ]	314
271	panna	[ pann ##a ]	[ pann ]	284	[ ]	315
271	auto	[ auto ]	[ auto ]	285	[ ]	316
270	sealt	[ sea ##lt ]	[ ]	285	[ ]	316
269	kolme	[ kolme ]	[ kolme ]	286	[ ]	317
268	seisis	[ seis ##is ]	[ seis ]	287	[ ]	318
267	tegemist	[ tegemis ##t ]	[ tegemis ]	288	[ ]	319
266	õige	[ õige ]	[ õige ]	289	[ ]	320
265	saavad	[ saa ##vad ]	[ ]	289	[ ##vad ]	321
265	president	[ president ]	[ president ]	290	[ ]	322
265	kuidagi	[ kuidagi ]	[ kuidagi ]	291	[ ]	323
262	eks	[ eks ]	[ eks ]	292	[ ]	324
261	vähem	[ vähem ]	[ vähem ]	293	[ ]	325
261	sul	[ su ##l ]	[ ]	293	[ ]	325
261	pidanud	[ pida ##nud ]	[ pida ]	294	[ ]	326
261	jõudis	[ jõud ##is ]	[ ]	294	[ ]	326
260	ukse	[ ukse ]	[ ukse ]	295	[ ]	327
257	kõrvale	[ kõrva ##le ]	[ ]	295	[ ]	327
256	vahele	[ vahe ##le ]	[ ]	295	[ ]	327
256	tähendab	[ tähenda ##b ]	[ tähenda ]	296	[ ]	328
256	terve	[ terve ]	[ terve ]	297	[ ]	329
255	too	[ too ]	[ too ]	298	[ ]	330
255	lisas	[ lisa ##s ]	[ ]	298	[ ]	330
254	järel	[ järel ]	[ järel ]	299	[ ]	331
252	meid	[ mei ##d ]	[ ]	299	[ ]	331
252	kohale	[ koha ##le ]	[ ]	299	[ ]	331
251	nägi	[ näg ##i ]	[ näg ]	300	[ ]	332
251	inimese	[ inimese ]	[ ]	300	[ ]	332
250	tuleks	[ tule ##ks ]	[ ]	300	[ ]	332
249	muidu	[ muidu ]	[ muidu ]	301	[ ]	333
248	samal	[ sama ##l ]	[ ]	301	[ ]	333
248	politsei	[ politsei ]	[ politsei ]	302	[ ]	334
248	korral	[ korra ##l ]	[ korra ]	303	[ ]	335
248	kiiresti	[ kiiresti ]	[ kiiresti ]	304	[ ]	336
246	nõnda	[ nõnda ]	[ nõnda ]	305	[ ]	337
243	täpselt	[ täpse ##lt ]	[ täpse ]	306	[ ]	338
243	pead	[ pea ##d ]	[ ]	306	[ ]	338
243	otse	[ otse ]	[ otse ]	307	[ ]	339
242	ongi	[ on ##gi ]	[ ]	307	[ ]	339
241	tahab	[ taha ##b ]	[ ]	307	[ ]	339
241	riik	[ riik ]	[ riik ]	308	[ ]	340
241	esimees	[ esi ##mees ]	[ esi ##mees ]	310	[ ]	342
239	peavad	[ pea ##vad ]	[ ]	310	[ ]	342
238	ülikooli	[ üli ##kooli ]	[ üli ##kooli ]	312	[ ]	344
238	miljoni	[ miljoni ]	[ ]	312	[ ]	344
237	tundis	[ tund ##is ]	[ tund ]	313	[ ]	345
237	teiste	[ teis ##te ]	[ teis ]	314	[ ##te ]	347
236	parem	[ parem ]	[ parem ]	315	[ ]	348
236	millega	[ mille ##ga ]	[ mille ]	316	[ ]	349
236	kuu	[ kuu ]	[ kuu ]	317	[ ]	350
235	olemas	[ ole ##mas ]	[ ]	317	[ ##mas ]	351
234	võivad	[ või ##vad ]	[ ]	317	[ ]	351
234	inimeste	[ inimes ##te ]	[ ]	317	[ ]	351
233	esimese	[ esimese ]	[ esimese ]	318	[ ]	352
232	nägu	[ nägu ]	[ nägu ]	319	[ ]	353
232	neli	[ neli ]	[ neli ]	320	[ ]	354
231	tahtnud	[ taht ##nud ]	[ taht ]	321	[ ]	355
230	viimane	[ viimane ]	[ viimane ]	322	[ ]	356
230	teist	[ te ##ist ]	[ ]	322	[ ##ist ]	357
229	meest	[ mee ##st ]	[ ]	322	[ ]	357
228	naise	[ naise ]	[ naise ]	323	[ ]	358
228	istus	[ istu ##s ]	[ istu ]	324	[ ]	359
228	inimesi	[ inimes ##i ]	[ ]	324	[ ]	359
227	pani	[ pan ##i ]	[ pan ]	325	[ ]	360
227	mõtles	[ mõtle ##s ]	[ mõtle ]	326	[ ]	361
226	tulla	[ tull ##a ]	[ tull ]	327	[ ]	362
224	teed	[ tee ##d ]	[ ]	327	[ ]	362
224	head	[ hea ##d ]	[ ]	327	[ ]	362
224	firma	[ firma ]	[ firma ]	328	[ ]	363
223	tänavu	[ tänavu ]	[ tänavu ]	329	[ ]	364
223	juhataja	[ juhataja ]	[ juhataja ]	330	[ ]	365
223	hetkel	[ hetke ##l ]	[ hetke ]	331	[ ]	366
221	lugu	[ lugu ]	[ lugu ]	332	[ ]	367
220	silma	[ silma ]	[ ]	332	[ ]	367
220	kõike	[ kõik ##e ]	[ ]	332	[ ]	367
218	vähe	[ vähe ]	[ vähe ]	333	[ ]	368
218	tundus	[ tundu ##s ]	[ tundu ]	334	[ ]	369
218	suhtes	[ suhte ##s ]	[ suhte ]	335	[ ]	370
218	liidu	[ liidu ]	[ liidu ]	336	[ ]	371
218	asemel	[ aseme ##l ]	[ aseme ]	337	[ ]	372
217	seega	[ seega ]	[ seega ]	338	[ ]	373
217	peal	[ pea ##l ]	[ ]	338	[ ]	373
217	arvates	[ arva ##tes ]	[ arva ]	339	[ ##tes ]	375
216	meelde	[ meel ##de ]	[ meel ]	340	[ ]	376
216	kaudu	[ kaudu ]	[ kaudu ]	341	[ ]	377
215	teab	[ tea ##b ]	[ ]	341	[ ]	377
215	suurt	[ suur ##t ]	[ ]	341	[ ]	377
215	sellepärast	[ selle ##pärast ]	[ ##pärast ]	342	[ ]	378
215	kohaselt	[ kohase ##lt ]	[ kohase ]	343	[ ]	379
215	hakata	[ haka ##ta ]	[ haka ]	344	[ ##ta ]	381
214	said	[ sa ##id ]	[ ]	344	[ ]	381
214	küllap	[ küllap ]	[ küllap ]	345	[ ]	382
213	võtab	[ võta ##b ]	[ võta ]	346	[ ]	383
213	laps	[ laps ]	[ laps ]	347	[ ]	384
212	tunne	[ tunne ]	[ tunne ]	348	[ ]	385
212	elus	[ elu ##s ]	[ ]	348	[ ]	385
211	valitsus	[ valitsus ]	[ valitsus ]	349	[ ]	386
211	korraga	[ korra ##ga ]	[ ]	349	[ ]	386
210	õigus	[ õigus ]	[ õigus ]	350	[ ]	387
210	alt	[ alt ]	[ alt ]	351	[ ]	388
208	tegema	[ tege ##ma ]	[ tege ]	352	[ ]	389
208	lausa	[ lausa ]	[ lausa ]	353	[ ]	390
208	astus	[ astu ##s ]	[ astu ]	354	[ ]	391
206	rahva	[ rahva ]	[ rahva ]	355	[ ]	392
206	lapsed	[ lapse ##d ]	[ lapse ]	356	[ ]	393
206	käest	[ käe ##st ]	[ ]	356	[ ]	393
205	seejärel	[ see ##järel ]	[ ##järel ]	357	[ ]	394
205	kindel	[ kindel ]	[ kindel ]	358	[ ]	395
204	kaua	[ kaua ]	[ kaua ]	359	[ ]	396
204	jääda	[ jää ##da ]	[ ]	359	[ ]	396
203	antud	[ an ##tud ]	[ an ]	360	[ ]	397
202	leida	[ leid ##a ]	[ leid ]	361	[ ]	398
201	kedagi	[ ke ##dagi ]	[ ]	361	[ ]	398
200	kasutada	[ kasuta ##da ]	[ kasuta ]	362	[ ]	399
199	valge	[ valge ]	[ valge ]	363	[ ]	400
199	mõlemad	[ mõlema ##d ]	[ mõlema ]	364	[ ]	401
198	suutnud	[ suut ##nud ]	[ suut ]	365	[ ]	402
198	saksa	[ saksa ]	[ saksa ]	366	[ ]	403
198	möödunud	[ möödu ##nud ]	[ möödu ]	367	[ ]	404
197	sees	[ sees ]	[ sees ]	368	[ ]	405
197	märkis	[ märki ##s ]	[ märki ]	369	[ ]	406
197	koguni	[ kogu ##ni ]	[ ]	369	[ ##ni ]	407
195	tõusis	[ tõus ##is ]	[ tõus ]	370	[ ]	408
195	paljud	[ palju ##d ]	[ ]	370	[ ]	408
195	ehkki	[ ehkki ]	[ ehkki ]	371	[ ]	409
194	viimase	[ viimase ]	[ viimase ]	372	[ ]	410
194	tõepoolest	[ tõe ##poolest ]	[ tõe ##poolest ]	374	[ ]	412
194	kuus	[ kuu ##s ]	[ ]	374	[ ]	412
194	hinnangul	[ hinnangu ##l ]	[ hinnangu ]	375	[ ]	413
194	hakanud	[ haka ##nud ]	[ ]	375	[ ]	413
193	seotud	[ seo ##tud ]	[ seo ]	376	[ ]	414
193	muutunud	[ muutu ##nud ]	[ muutu ]	377	[ ]	415
193	milles	[ mill ##es ]	[ ]	377	[ ##es ]	416
193	justkui	[ just ##kui ]	[ ##kui ]	378	[ ]	417
192	käe	[ käe ]	[ ]	378	[ ]	417
192	hoida	[ hoid ##a ]	[ hoid ]	379	[ ]	418
191	leidis	[ leid ##is ]	[ ]	379	[ ]	418
190	saaks	[ saa ##ks ]	[ ]	379	[ ]	418
189	sellel	[ selle ##l ]	[ ]	379	[ ]	418
189	nemad	[ nema ##d ]	[ nema ]	380	[ ]	419
189	mil	[ mi ##l ]	[ ]	380	[ ]	419
189	käinud	[ käi ##nud ]	[ ]	380	[ ]	419
188	vaadata	[ vaada ##ta ]	[ vaada ]	381	[ ]	420
188	temast	[ tema ##st ]	[ ]	381	[ ]	420
188	teatas	[ teata ##s ]	[ teata ]	382	[ ]	421
188	oleksid	[ ole ##ksid ]	[ ]	382	[ ##ksid ]	422
187	teadnud	[ tead ##nud ]	[ ]	382	[ ]	422
187	teadis	[ tead ##is ]	[ ]	382	[ ]	422
187	pigem	[ pigem ]	[ pigem ]	383	[ ]	423
187	nõukogude	[ nõu ##kogu ##de ]	[ nõu ]	384	[ ]	424
187	härra	[ härra ]	[ härra ]	385	[ ]	425
186	varsti	[ varsti ]	[ varsti ]	386	[ ]	426
186	selge	[ selge ]	[ selge ]	387	[ ]	427
186	pikk	[ pikk ]	[ pikk ]	388	[ ]	428
186	huvi	[ huvi ]	[ huvi ]	389	[ ]	429
185	osanud	[ osa ##nud ]	[ ]	389	[ ]	429
185	lausus	[ lausu ##s ]	[ lausu ]	390	[ ]	430
185	kooli	[ kool ##i ]	[ kool ]	391	[ ]	431
184	tohi	[ tohi ]	[ tohi ]	392	[ ]	432
184	siit	[ siit ]	[ siit ]	393	[ ]	433
184	küsimus	[ küsimus ]	[ küsimus ]	394	[ ]	434
184	käed	[ käe ##d ]	[ ]	394	[ ]	434
184	kahju	[ kahju ]	[ kahju ]	395	[ ]	435
183	tulid	[ tul ##id ]	[ ]	395	[ ]	435
183	käib	[ käi ##b ]	[ ]	395	[ ]	435
182	sellist	[ selli ##st ]	[ selli ]	396	[ ]	436
182	kõigi	[ kõigi ]	[ kõigi ]	397	[ ]	437
182	hulgas	[ hulga ##s ]	[ hulga ]	398	[ ]	438
182	andnud	[ and ##nud ]	[ ]	398	[ ]	438
181	tahtis	[ taht ##is ]	[ ]	398	[ ]	438
181	suurem	[ suurem ]	[ suurem ]	399	[ ]	439
181	pidada	[ pida ##da ]	[ ]	399	[ ]	439
181	nime	[ nime ]	[ nime ]	400	[ ]	440
181	kõiki	[ kõiki ]	[ kõiki ]	401	[ ]	441
180	tähelepanu	[ tähele ##panu ]	[ tähele ##panu ]	403	[ ]	443
180	ilus	[ ilu ##s ]	[ ilu ]	404	[ ]	444
179	järgmisel	[ järgmise ##l ]	[ järgmise ]	405	[ ]	445
179	alates	[ ala ##tes ]	[ ]	405	[ ]	445
178	tõi	[ tõ ##i ]	[ tõ ]	406	[ ]	446
177	tööle	[ töö ##le ]	[ ]	406	[ ]	446
176	pean	[ pea ##n ]	[ ]	406	[ ]	446
175	võtnud	[ võt ##nud ]	[ võt ]	407	[ ]	447
175	osta	[ ost ##a ]	[ ost ]	408	[ ]	448
175	nimi	[ nimi ]	[ nimi ]	409	[ ]	449
175	jätta	[ jätt ##a ]	[ jätt ]	410	[ ]	450
175	hääl	[ hääl ]	[ hääl ]	411	[ ]	451
174	noh	[ noh ]	[ noh ]	412	[ ]	452
173	võimalus	[ võimalus ]	[ võimalus ]	413	[ ]	453
173	pealegi	[ pealegi ]	[ pealegi ]	414	[ ]	454
173	olgu	[ ol ##gu ]	[ ]	414	[ ##gu ]	455
172	üha	[ üha ]	[ üha ]	415	[ ]	456
172	veelgi	[ vee ##l ##gi ]	[ ]	415	[ ]	456
172	uut	[ uu ##t ]	[ uu ]	416	[ ]	457
172	seetõttu	[ see ##tõttu ]	[ ##tõttu ]	417	[ ]	458
171	teel	[ tee ##l ]	[ ]	417	[ ]	458
171	noor	[ noor ]	[ noor ]	418	[ ]	459
171	mõte	[ mõte ]	[ mõte ]	419	[ ]	460
171	muu	[ muu ]	[ ]	419	[ ]	460
171	maailmas	[ maa ##ilma ##s ]	[ ]	419	[ ]	460
171	keha	[ keha ]	[ keha ]	420	[ ]	461
170	näeb	[ näe ##b ]	[ näe ]	421	[ ]	462
170	hakkama	[ hakka ##ma ]	[ ]	421	[ ]	462
170	algul	[ algu ##l ]	[ algu ]	422	[ ]	463
169	üksi	[ üksi ]	[ üksi ]	423	[ ]	464
169	otsekui	[ otse ##kui ]	[ ]	423	[ ]	464
168	natuke	[ natuke ]	[ natuke ]	424	[ ]	465
168	lõi	[ lõ ##i ]	[ lõ ]	425	[ ]	466
168	homme	[ homme ]	[ homme ]	426	[ ]	467
167	võrra	[ võrra ]	[ võrra ]	427	[ ]	468
167	viimasel	[ viimase ##l ]	[ ]	427	[ ]	468
167	vanaema	[ vana ##ema ]	[ ##ema ]	428	[ ]	469
167	pidas	[ pida ##s ]	[ ]	428	[ ]	469
167	esimest	[ esimes ##t ]	[ esimes ]	429	[ ]	470
166	ühes	[ ühe ##s ]	[ ]	429	[ ]	470
166	temaga	[ tema ##ga ]	[ ]	429	[ ]	470
166	käsi	[ käsi ]	[ käsi ]	430	[ ]	471
165	seepärast	[ see ##pärast ]	[ ]	430	[ ]	471
165	keeles	[ keele ##s ]	[ keele ]	431	[ ]	472
164	tundub	[ tundu ##b ]	[ ]	431	[ ]	472
164	mõttes	[ mõtte ##s ]	[ mõtte ]	432	[ ]	473
164	mõelda	[ mõel ##da ]	[ mõel ]	433	[ ]	474
164	jäid	[ jä ##id ]	[ ]	433	[ ]	474
163	võibolla	[ võib ##olla ]	[ võib ##olla ]	435	[ ]	476
163	kella	[ kella ]	[ kella ]	436	[ ]	477
163	kadunud	[ kadu ##nud ]	[ kadu ]	437	[ ]	478
162	üksnes	[ üksnes ]	[ üksnes ]	438	[ ]	479
162	võinud	[ või ##nud ]	[ ]	438	[ ]	479
162	suured	[ suure ##d ]	[ ]	438	[ ]	479
162	kellele	[ kelle ##le ]	[ ]	438	[ ]	479
162	avatud	[ ava ##tud ]	[ ava ]	439	[ ]	480
162	asju	[ asj ##u ]	[ asj ]	440	[ ##u ]	482
161	oligi	[ ol ##i ##gi ]	[ ]	440	[ ]	482
161	nädala	[ nädala ]	[ nädala ]	441	[ ]	483
160	teisel	[ teise ##l ]	[ ]	441	[ ]	483
160	sellise	[ sellise ]	[ sellise ]	442	[ ]	484
160	nõukogu	[ nõu ##kogu ]	[ ]	442	[ ]	484
160	naised	[ naise ##d ]	[ ]	442	[ ]	484
160	alguses	[ alguse ##s ]	[ alguse ]	443	[ ]	485
159	võõras	[ võõra ##s ]	[ võõra ]	444	[ ]	486
159	suunas	[ suuna ##s ]	[ suuna ]	445	[ ]	487
159	aina	[ aina ]	[ aina ]	446	[ ]	488
158	ääres	[ ääre ##s ]	[ ääre ]	447	[ ]	489
158	tuntud	[ tun ##tud ]	[ tun ]	448	[ ]	490
157	öelnud	[ öel ##nud ]	[ ]	448	[ ]	490
157	teile	[ te ##ile ]	[ ]	448	[ ##ile ]	491
157	olete	[ ole ##te ]	[ ]	448	[ ]	491
156	igatahes	[ iga ##tahes ]	[ ##tahes ]	449	[ ]	492
155	saama	[ saa ##ma ]	[ ]	449	[ ]	492
155	lapse	[ lapse ]	[ ]	449	[ ]	492
154	sõnas	[ sõna ##s ]	[ ]	449	[ ]	492
154	räägib	[ räägi ##b ]	[ räägi ]	450	[ ]	493
154	keelt	[ kee ##lt ]	[ ]	450	[ ]	493
154	abi	[ abi ]	[ abi ]	451	[ ]	494
153	tänu	[ tänu ]	[ tänu ]	452	[ ]	495
153	tagant	[ tagant ]	[ tagant ]	453	[ ]	496
153	käega	[ käe ##ga ]	[ ]	453	[ ]	496
152	ütlesin	[ ütle ##sin ]	[ ]	453	[ ##sin ]	497
152	suuda	[ suuda ]	[ suuda ]	454	[ ]	498
152	surma	[ surma ]	[ surma ]	455	[ ]	499
152	panga	[ panga ]	[ panga ]	456	[ ]	500
151	öösel	[ öösel ]	[ öösel ]	457	[ ]	501
151	sain	[ sa ##in ]	[ ]	457	[ ]	501
151	linn	[ linn ]	[ linn ]	458	[ ]	502
151	arvas	[ arva ##s ]	[ ]	458	[ ]	502
150	viia	[ vii ##a ]	[ ]	458	[ ]	502
150	tundi	[ tundi ]	[ tundi ]	459	[ ]	503
149	ühte	[ ühte ]	[ ühte ]	460	[ ]	504
149	seisab	[ seisa ##b ]	[ seisa ]	461	[ ]	505
149	loomulikult	[ loomuliku ##lt ]	[ loomuliku ]	462	[ ]	506
149	jutt	[ jutt ]	[ jutt ]	463	[ ]	507
148	selgitas	[ selgita ##s ]	[ selgita ]	464	[ ]	508
148	kuhugi	[ kuhugi ]	[ kuhugi ]	465	[ ]	509
148	juttu	[ juttu ]	[ juttu ]	466	[ ]	510
147	tarvis	[ tarvis ]	[ tarvis ]	467	[ ]	511
147	peaminister	[ pea ##minister ]	[ ##minister ]	468	[ ]	512
147	nimelt	[ nime ##lt ]	[ ]	468	[ ]	512
147	kellel	[ kelle ##l ]	[ ]	468	[ ]	512
147	eelmisel	[ eelmise ##l ]	[ eelmise ]	469	[ ]	513
146	väikese	[ väikese ]	[ väikese ]	470	[ ]	514
146	leidnud	[ leid ##nud ]	[ ]	470	[ ]	514
145	sageli	[ sageli ]	[ sageli ]	471	[ ]	515
145	millal	[ millal ]	[ millal ]	472	[ ]	516
144	vara	[ vara ]	[ vara ]	473	[ ]	517
144	paari	[ paari ]	[ paari ]	474	[ ]	518
144	no	[ no ]	[ no ]	475	[ ]	519
144	millele	[ mill ##ele ]	[ ]	475	[ ##ele ]	520
144	linnas	[ linna ##s ]	[ ]	475	[ ]	520
144	kümme	[ kümme ]	[ kümme ]	476	[ ]	521
144	kirja	[ kirja ]	[ kirja ]	477	[ ]	522
143	võrreldes	[ võrrel ##des ]	[ võrrel ]	478	[ ##des ]	524
143	võetud	[ võe ##tud ]	[ võe ]	479	[ ]	525
143	tulevad	[ tule ##vad ]	[ ]	479	[ ]	525
143	tavaliselt	[ tavalise ##lt ]	[ tavalise ]	480	[ ]	526
143	pealt	[ pea ##lt ]	[ ]	480	[ ]	526
143	ah	[ ah ]	[ ah ]	481	[ ]	527
142	teil	[ te ##il ]	[ ]	481	[ ##il ]	528
142	suvel	[ suve ##l ]	[ suve ]	482	[ ]	529
142	oodata	[ ooda ##ta ]	[ ooda ]	483	[ ]	530
142	ammu	[ ammu ]	[ ammu ]	484	[ ]	531
140	vaatama	[ vaata ##ma ]	[ ]	484	[ ]	531
140	tead	[ tea ##d ]	[ ]	484	[ ]	531
140	pilgu	[ pilgu ]	[ pilgu ]	485	[ ]	532
140	nägin	[ näg ##in ]	[ ]	485	[ ]	532
140	koha	[ koha ]	[ ]	485	[ ]	532
139	rahvas	[ rahva ##s ]	[ ]	485	[ ]	532
139	maksab	[ maksa ##b ]	[ maksa ]	486	[ ]	533
139	kõigile	[ kõigi ##le ]	[ ]	486	[ ]	533
139	esialgu	[ esi ##algu ]	[ ##algu ]	487	[ ]	534
138	vaatab	[ vaata ##b ]	[ ]	487	[ ]	534
138	tõenäoliselt	[ tõe ##näolise ##lt ]	[ ##näolise ]	488	[ ]	535
138	püsti	[ püsti ]	[ püsti ]	489	[ ]	536
138	pähe	[ pähe ]	[ pähe ]	490	[ ]	537
138	pandud	[ pan ##dud ]	[ ]	490	[ ##dud ]	538
138	paistis	[ paist ##is ]	[ paist ]	491	[ ]	539
138	niisugune	[ nii ##sugune ]	[ ##sugune ]	492	[ ]	540
138	koht	[ koht ]	[ koht ]	493	[ ]	541
138	arvan	[ arva ##n ]	[ ]	493	[ ]	541
137	teid	[ te ##id ]	[ ]	493	[ ]	541
137	tahaks	[ taha ##ks ]	[ ]	493	[ ]	541
137	seas	[ sea ##s ]	[ ]	493	[ ]	541
137	osas	[ osa ##s ]	[ ]	493	[ ]	541
137	laua	[ laua ]	[ laua ]	494	[ ]	542
137	last	[ las ##t ]	[ las ]	495	[ ]	543
137	kuulnud	[ kuul ##nud ]	[ kuul ]	496	[ ]	544
137	korra	[ korra ]	[ ]	496	[ ]	544
137	kerge	[ kerge ]	[ kerge ]	497	[ ]	545
137	jumal	[ jumal ]	[ jumal ]	498	[ ]	546
137	ajas	[ aja ##s ]	[ ]	498	[ ]	546
136	ükski	[ üks ##ki ]	[ ]	498	[ ##ki ]	547
136	tunda	[ tund ##a ]	[ ]	498	[ ]	547
136	sõitis	[ sõit ##is ]	[ sõit ]	499	[ ]	548
136	oska	[ oska ]	[ oska ]	500	[ ]	549
136	maksma	[ maks ##ma ]	[ maks ]	501	[ ]	550
136	jäävad	[ jää ##vad ]	[ ]	501	[ ]	550
135	vaatamata	[ vaata ##mata ]	[ ]	501	[ ##mata ]	551
135	uusi	[ uus ##i ]	[ ]	501	[ ]	551
135	tõstis	[ tõst ##is ]	[ tõst ]	502	[ ]	552
135	püüdis	[ püüd ##is ]	[ püüd ]	503	[ ]	553
135	oleksin	[ ole ##ksin ]	[ ]	503	[ ##ksin ]	554
135	näis	[ näi ##s ]	[ ]	503	[ ]	554
135	näe	[ näe ]	[ ]	503	[ ]	554
135	järjest	[ järje ##st ]	[ järje ]	504	[ ]	555
135	endast	[ enda ##st ]	[ ]	504	[ ]	555
133	paneb	[ pane ##b ]	[ pane ]	505	[ ]	556
133	nädalal	[ nädala ##l ]	[ ]	505	[ ]	556
133	mõista	[ mõist ##a ]	[ mõist ]	506	[ ]	557
133	laste	[ las ##te ]	[ ]	506	[ ]	557
133	balti	[ balti ]	[ balti ]	507	[ ]	558
132	vesi	[ vesi ]	[ vesi ]	508	[ ]	559
132	tean	[ tea ##n ]	[ ]	508	[ ]	559
132	seisma	[ seis ##ma ]	[ ]	508	[ ]	559
132	niisama	[ nii ##sama ]	[ ##sama ]	509	[ ]	560
132	muutus	[ muutu ##s ]	[ ]	509	[ ]	560
132	mingeid	[ minge ##id ]	[ minge ]	510	[ ]	561
132	meelest	[ meele ##st ]	[ meele ]	511	[ ]	562
132	arvata	[ arva ##ta ]	[ ]	511	[ ]	562
131	õieti	[ õieti ]	[ õieti ]	512	[ ]	563
131	vaba	[ vaba ]	[ vaba ]	513	[ ]	564
131	toimub	[ toimu ##b ]	[ toimu ]	514	[ ]	565
131	tahan	[ taha ##n ]	[ ]	514	[ ]	565
131	omavahel	[ oma ##vahel ]	[ ##vahel ]	515	[ ]	566
131	lähedal	[ läheda ##l ]	[ läheda ]	516	[ ]	567
131	kostis	[ kost ##is ]	[ kost ]	517	[ ]	568
131	kellegi	[ kelle ##gi ]	[ ]	517	[ ]	568
131	jättis	[ jätt ##is ]	[ ]	517	[ ]	568
131	juht	[ juht ]	[ juht ]	518	[ ]	569
131	hinge	[ hinge ]	[ hinge ]	519	[ ]	570
131	hakkavad	[ hakka ##vad ]	[ ]	519	[ ]	570
131	esimesel	[ esimese ##l ]	[ ]	519	[ ]	570
131	elab	[ ela ##b ]	[ ela ]	520	[ ]	571
130	vaevalt	[ vaeva ##lt ]	[ vaeva ]	521	[ ]	572
130	sõnad	[ sõna ##d ]	[ ]	521	[ ]	572
130	poisid	[ poi ##sid ]	[ poi ]	522	[ ##sid ]	574
130	omal	[ oma ##l ]	[ ]	522	[ ]	574
130	hoolimata	[ hooli ##mata ]	[ hooli ]	523	[ ]	575
128	lubas	[ luba ##s ]	[ luba ]	524	[ ]	576
128	jõuab	[ jõua ##b ]	[ jõua ]	525	[ ]	577
128	elada	[ ela ##da ]	[ ]	525	[ ]	577
127	meeste	[ mees ##te ]	[ mees ]	526	[ ]	578
127	abil	[ abi ##l ]	[ ]	526	[ ]	578
126	uudised	[ uudise ##d ]	[ uudise ]	527	[ ]	579
126	tundnud	[ tund ##nud ]	[ ]	527	[ ]	579
126	sündinud	[ sündi ##nud ]	[ sündi ]	528	[ ]	580
126	seekord	[ see ##kord ]	[ ##kord ]	529	[ ]	581
126	pilk	[ pilk ]	[ pilk ]	530	[ ]	582
126	peaksid	[ pea ##ksid ]	[ ]	530	[ ]	582
126	partei	[ partei ]	[ partei ]	531	[ ]	583
126	nõus	[ nõu ##s ]	[ ]	531	[ ]	583
126	mõtet	[ mõte ##t ]	[ ]	531	[ ]	583
126	märtsil	[ märtsi ##l ]	[ märtsi ]	532	[ ]	584
126	lepingu	[ lepingu ]	[ lepingu ]	533	[ ]	585
126	kuulda	[ kuul ##da ]	[ ]	533	[ ]	585
126	kuud	[ kuu ##d ]	[ ]	533	[ ]	585
126	hind	[ hind ]	[ hind ]	534	[ ]	586
126	eelkõige	[ eel ##kõige ]	[ eel ##kõige ]	536	[ ]	588
126	asjad	[ asja ##d ]	[ ]	536	[ ]	588
126	akna	[ akna ]	[ akna ]	537	[ ]	589
125	vett	[ ve ##tt ]	[ ve ]	538	[ ##tt ]	591
125	surnud	[ sur ##nud ]	[ sur ]	539	[ ]	592
125	saatis	[ saat ##is ]	[ saat ]	540	[ ]	593
125	paremini	[ paremini ]	[ paremini ]	541	[ ]	594
125	näitab	[ näita ##b ]	[ näita ]	542	[ ]	595
125	külge	[ külge ]	[ külge ]	543	[ ]	596
125	keele	[ kee ##le ]	[ ]	543	[ ]	596
125	juhatuse	[ juhatuse ]	[ juhatuse ]	544	[ ]	597
124	proua	[ proua ]	[ proua ]	545	[ ]	598
124	mõnikord	[ mõni ##kord ]	[ ]	545	[ ]	598
124	läksid	[ läk ##sid ]	[ ]	545	[ ]	598
124	hulka	[ hulka ]	[ hulka ]	546	[ ]	599
124	enamasti	[ enamasti ]	[ enamasti ]	547	[ ]	600
123	tõsi	[ tõsi ]	[ tõsi ]	548	[ ]	601
123	tuhat	[ tuhat ]	[ tuhat ]	549	[ ]	602
123	silmi	[ silm ##i ]	[ silm ]	550	[ ]	603
123	noormees	[ noor ##mees ]	[ ]	550	[ ]	603
123	mõtlesin	[ mõtle ##sin ]	[ ]	550	[ ]	603
123	kusagil	[ kusagil ]	[ kusagil ]	551	[ ]	604
123	järgmise	[ järgmise ]	[ ]	551	[ ]	604
123	juhtus	[ juhtu ##s ]	[ juhtu ]	552	[ ]	605
122	sõita	[ sõit ##a ]	[ ]	552	[ ]	605
122	seaduse	[ seaduse ]	[ seaduse ]	553	[ ]	606
122	saadud	[ saa ##dud ]	[ ]	553	[ ]	606
122	maad	[ maa ##d ]	[ ]	553	[ ]	606
122	laiali	[ laiali ]	[ laiali ]	554	[ ]	607
122	kuulub	[ kuulu ##b ]	[ kuulu ]	555	[ ]	608
122	koolis	[ kool ##is ]	[ ]	555	[ ]	608
122	juhtunud	[ juhtu ##nud ]	[ ]	555	[ ]	608
122	direktor	[ direktor ]	[ direktor ]	556	[ ]	609
121	ühtegi	[ ühte ##gi ]	[ ]	556	[ ]	609
121	usu	[ usu ]	[ usu ]	557	[ ]	610
121	muutub	[ muutu ##b ]	[ ]	557	[ ]	610
121	majas	[ maja ##s ]	[ ]	557	[ ]	610
121	leiab	[ leia ##b ]	[ leia ]	558	[ ]	611
120	võtma	[ võt ##ma ]	[ ]	558	[ ]	611
120	rahu	[ rahu ]	[ rahu ]	559	[ ]	612
120	milleks	[ mill ##eks ]	[ ]	559	[ ##eks ]	613
120	lugeda	[ luge ##da ]	[ luge ]	560	[ ]	614
120	liige	[ liige ]	[ liige ]	561	[ ]	615
120	kõigepealt	[ kõige ##pealt ]	[ ##pealt ]	562	[ ]	616
120	ajaks	[ aja ##ks ]	[ ]	562	[ ]	616
119	vee	[ vee ]	[ ]	562	[ ]	616
119	tõmbas	[ tõmba ##s ]	[ tõmba ]	563	[ ]	617
119	selja	[ selja ]	[ selja ]	564	[ ]	618
119	põhjust	[ põhjus ##t ]	[ põhjus ]	565	[ ]	619
119	pärit	[ pärit ]	[ pärit ]	566	[ ]	620
119	korraks	[ korra ##ks ]	[ ]	566	[ ]	620
119	kaugel	[ kauge ##l ]	[ kauge ]	567	[ ]	621
119	hoone	[ hoone ]	[ hoone ]	568	[ ]	622
119	endine	[ endine ]	[ endine ]	569	[ ]	623
119	ainus	[ ainu ##s ]	[ ]	569	[ ]	623
118	õhku	[ õhku ]	[ õhku ]	570	[ ]	624
118	viie	[ viie ]	[ viie ]	571	[ ]	625
118	vaadates	[ vaada ##tes ]	[ ]	571	[ ]	625
118	teatud	[ tea ##tud ]	[ ]	571	[ ]	625
118	ootab	[ oota ##b ]	[ oota ]	572	[ ]	626
118	olime	[ ol ##ime ]	[ ]	572	[ ##ime ]	627
118	läksin	[ läk ##sin ]	[ ]	572	[ ]	627
117	tõsiselt	[ tõsise ##lt ]	[ tõsise ]	573	[ ]	628
117	pank	[ pank ]	[ pank ]	574	[ ]	629
117	otsustas	[ otsusta ##s ]	[ otsusta ]	575	[ ]	630
117	naist	[ nais ##t ]	[ nais ]	576	[ ]	631
117	kodu	[ kodu ]	[ ]	576	[ ]	631
117	jalad	[ jala ##d ]	[ jala ]	577	[ ]	632
117	enamik	[ enamik ]	[ enamik ]	578	[ ]	633
117	aastate	[ aasta ##te ]	[ ]	578	[ ]	633
116	peremees	[ pere ##mees ]	[ pere ]	579	[ ]	634
116	otsuse	[ otsuse ]	[ otsuse ]	580	[ ]	635
116	oluline	[ oluline ]	[ oluline ]	581	[ ]	636
116	näitas	[ näita ##s ]	[ ]	581	[ ]	636
116	naiste	[ nais ##te ]	[ ]	581	[ ]	636
116	mängu	[ mängu ]	[ mängu ]	582	[ ]	637
116	milline	[ milline ]	[ milline ]	583	[ ]	638
116	eemale	[ eemale ]	[ eemale ]	584	[ ]	639
115	ühest	[ ühe ##st ]	[ ]	584	[ ]	639
115	tekkinud	[ tekki ##nud ]	[ tekki ]	585	[ ]	640
115	tegu	[ tegu ]	[ tegu ]	586	[ ]	641
115	mõnda	[ mõn ##da ]	[ mõn ]	587	[ ]	642
115	mõeldud	[ mõel ##dud ]	[ ]	587	[ ]	642
115	musta	[ musta ]	[ musta ]	588	[ ]	643
115	küsida	[ küsi ##da ]	[ ]	588	[ ]	643
114	viga	[ viga ]	[ viga ]	589	[ ]	644
114	vastavalt	[ vastava ##lt ]	[ vastava ]	590	[ ]	645
114	vaikselt	[ vaikse ##lt ]	[ vaikse ]	591	[ ]	646
114	tänava	[ tänava ]	[ tänava ]	592	[ ]	647
114	tuppa	[ tuppa ]	[ tuppa ]	593	[ ]	648
114	toime	[ toime ]	[ toime ]	594	[ ]	649
114	tihti	[ tihti ]	[ tihti ]	595	[ ]	650
114	muusika	[ muusika ]	[ muusika ]	596	[ ]	651
114	lapsi	[ laps ##i ]	[ ]	596	[ ]	651
113	uued	[ uue ##d ]	[ ]	596	[ ]	651
113	toas	[ toa ##s ]	[ toa ]	597	[ ]	652
113	talu	[ talu ]	[ talu ]	598	[ ]	653
113	selgus	[ selgu ##s ]	[ selgu ]	599	[ ]	654
113	seitse	[ seitse ]	[ seitse ]	600	[ ]	655
113	põhjal	[ põhja ##l ]	[ põhja ]	601	[ ]	656
113	presidendi	[ presidendi ]	[ presidendi ]	602	[ ]	657
113	piisavalt	[ piisava ##lt ]	[ piisava ]	603	[ ]	658
113	märkas	[ märka ##s ]	[ märka ]	604	[ ]	659
113	lähen	[ lähe ##n ]	[ ]	604	[ ]	659
113	lasta	[ las ##ta ]	[ ]	604	[ ]	659
113	küsib	[ küsi ##b ]	[ ]	604	[ ]	659
113	kõigest	[ kõige ##st ]	[ ]	604	[ ]	659
113	käia	[ käi ##a ]	[ ]	604	[ ]	659
112	üht	[ üht ]	[ üht ]	605	[ ]	660
112	teises	[ teise ##s ]	[ ]	605	[ ]	660
112	peamiselt	[ peamise ##lt ]	[ peamise ]	606	[ ]	661
112	paistab	[ paista ##b ]	[ paista ]	607	[ ]	662
112	nimel	[ nime ##l ]	[ ]	607	[ ]	662
112	kõrge	[ kõrge ]	[ kõrge ]	608	[ ]	663
111	võimatu	[ võimatu ]	[ võimatu ]	609	[ ]	664
111	teisele	[ teise ##le ]	[ ]	609	[ ]	664
111	teevad	[ tee ##vad ]	[ ]	609	[ ]	664
111	pidevalt	[ pideva ##lt ]	[ pideva ]	610	[ ]	665
111	nentis	[ nenti ##s ]	[ nenti ]	611	[ ]	666
111	lõpuni	[ lõpu ##ni ]	[ ]	611	[ ]	666
111	lihtne	[ lihtne ]	[ lihtne ]	612	[ ]	667
111	endiselt	[ endise ##lt ]	[ endise ]	613	[ ]	668
110	teisiti	[ teisiti ]	[ teisiti ]	614	[ ]	669
110	suhteliselt	[ suhtelise ##lt ]	[ suhtelise ]	615	[ ]	670
110	nelja	[ nelja ]	[ nelja ]	616	[ ]	671
110	ilmus	[ ilmu ##s ]	[ ilmu ]	617	[ ]	672
110	hulk	[ hulk ]	[ hulk ]	618	[ ]	673
110	elas	[ ela ##s ]	[ ]	618	[ ]	673
110	alusel	[ aluse ##l ]	[ aluse ]	619	[ ]	674
109	võimalust	[ võimalus ##t ]	[ ]	619	[ ]	674
109	vahelt	[ vahe ##lt ]	[ ]	619	[ ]	674
109	suu	[ suu ]	[ suu ]	620	[ ]	675
109	sugugi	[ sugugi ]	[ sugugi ]	621	[ ]	676
109	päike	[ päike ]	[ päike ]	622	[ ]	677
109	paraku	[ paraku ]	[ paraku ]	623	[ ]	678
109	noored	[ noore ##d ]	[ noore ]	624	[ ]	679
109	niimoodi	[ nii ##moodi ]	[ ##moodi ]	625	[ ]	680
109	lasknud	[ lask ##nud ]	[ lask ]	626	[ ]	681
109	esimehe	[ esi ##mehe ]	[ ##mehe ]	627	[ ]	682
108	võta	[ võta ]	[ ]	627	[ ]	682
108	pannud	[ pan ##nud ]	[ ]	627	[ ]	682
108	maksta	[ maks ##ta ]	[ ]	627	[ ]	682
108	kirjutada	[ kirjuta ##da ]	[ kirjuta ]	628	[ ]	683
108	kahjuks	[ kahju ##ks ]	[ ]	628	[ ]	683
108	jätnud	[ jät ##nud ]	[ jät ]	629	[ ]	684
108	hakkasid	[ hakka ##sid ]	[ ]	629	[ ]	684
107	uute	[ uu ##te ]	[ ]	629	[ ]	684
107	pika	[ pika ]	[ pika ]	630	[ ]	685
107	otsus	[ otsus ]	[ otsus ]	631	[ ]	686
107	näo	[ näo ]	[ näo ]	632	[ ]	687
107	maal	[ maa ##l ]	[ ]	632	[ ]	687
107	keskel	[ keskel ]	[ keskel ]	633	[ ]	688
107	inglise	[ inglise ]	[ inglise ]	634	[ ]	689
106	vaata	[ vaata ]	[ ]	634	[ ]	689
106	tõusnud	[ tõus ##nud ]	[ ]	634	[ ]	689
106	toob	[ too ##b ]	[ ]	634	[ ]	689
106	saata	[ saat ##a ]	[ ]	634	[ ]	689
106	palun	[ palu ##n ]	[ palu ]	635	[ ]	690
106	ootamatult	[ ootamatu ##lt ]	[ ootamatu ]	636	[ ]	691
106	mitme	[ mitme ]	[ mitme ]	637	[ ]	692
106	kirjutas	[ kirjuta ##s ]	[ ]	637	[ ]	692
106	eelmise	[ eelmise ]	[ ]	637	[ ]	692
106	andmetel	[ andme ##tel ]	[ andme ]	638	[ ##tel ]	694
105	õpetaja	[ õpetaja ]	[ õpetaja ]	639	[ ]	695
105	poeg	[ poeg ]	[ poeg ]	640	[ ]	696
105	olukord	[ olu ##kord ]	[ olu ]	641	[ ]	697
105	must	[ mu ##st ]	[ ]	641	[ ]	697
105	igaüks	[ iga ##üks ]	[ ##üks ]	642	[ ]	698
105	huvitav	[ huvita ##v ]	[ huvita ]	643	[ ##v ]	700
105	aeg-ajalt	[ aeg-ajalt ]	[ aeg-ajalt ]	644	[ ]	701
104	uks	[ uks ]	[ uks ]	645	[ ]	702
104	sügisel	[ sügise ##l ]	[ sügise ]	646	[ ]	703
104	pidid	[ pid ##id ]	[ ]	646	[ ]	703
104	metsa	[ metsa ]	[ metsa ]	647	[ ]	704
104	keset	[ kese ##t ]	[ kese ]	648	[ ]	705
104	ilm	[ ilm ]	[ ilm ]	649	[ ]	706
104	asus	[ asu ##s ]	[ asu ]	650	[ ]	707
104	asub	[ asu ##b ]	[ ]	650	[ ]	707
104	aitab	[ aita ##b ]	[ aita ]	651	[ ]	708
103	tuul	[ tuul ]	[ tuul ]	652	[ ]	709
103	süda	[ süda ]	[ süda ]	653	[ ]	710
103	poolest	[ poole ##st ]	[ poole ]	654	[ ]	711
103	jää	[ jää ]	[ ]	654	[ ]	711
102	tulema	[ tule ##ma ]	[ ]	654	[ ]	711
102	suuri	[ suur ##i ]	[ ]	654	[ ]	711
102	seljas	[ selja ##s ]	[ ]	654	[ ]	711
102	selgeks	[ selge ##ks ]	[ ]	654	[ ]	711
102	saan	[ saa ##n ]	[ ]	654	[ ]	711
102	nõuab	[ nõua ##b ]	[ nõua ]	655	[ ]	712
102	muuta	[ muu ##ta ]	[ ]	655	[ ]	712
102	lõpus	[ lõpu ##s ]	[ ]	655	[ ]	712
102	kevadel	[ kevade ##l ]	[ kevade ]	656	[ ]	713
102	hoidis	[ hoid ##is ]	[ ]	656	[ ]	713
101	ülejäänud	[ üle ##jäänu ##d ]	[ ##jäänu ]	657	[ ]	714
101	vanem	[ vanem ]	[ vanem ]	658	[ ]	715
101	tähtis	[ tähti ##s ]	[ tähti ]	659	[ ]	716
101	tuua	[ tuu ##a ]	[ tuu ]	660	[ ]	717
101	seadus	[ seadu ##s ]	[ seadu ]	661	[ ]	718
101	oh	[ oh ]	[ oh ]	662	[ ]	719
101	linnapea	[ linna ##pea ]	[ ##pea ]	663	[ ]	720
101	järsku	[ järsku ]	[ järsku ]	664	[ ]	721
101	esile	[ esi ##le ]	[ ]	664	[ ]	721
100	väitis	[ väit ##is ]	[ väit ]	665	[ ]	722
100	tundsin	[ tund ##sin ]	[ ]	665	[ ]	722
100	tehakse	[ teh ##akse ]	[ ]	665	[ ##akse ]	723
100	tegid	[ teg ##id ]	[ teg ]	666	[ ]	724
100	selga	[ selga ]	[ selga ]	667	[ ]	725
100	minust	[ minu ##st ]	[ ]	667	[ ]	725
100	mingil	[ mingi ##l ]	[ ]	667	[ ]	725
100	millel	[ mill ##el ]	[ ]	667	[ ##el ]	726
100	miljardit	[ miljardi ##t ]	[ miljardi ]	668	[ ]	727
100	laupäeval	[ lau ##päeva ##l ]	[ lau ##päeva ]	670	[ ]	729
99	väljas	[ välja ##s ]	[ ]	670	[ ]	729
99	tänaval	[ tänava ##l ]	[ ]	670	[ ]	729
99	temale	[ tema ##le ]	[ ]	670	[ ]	729
99	tekib	[ teki ##b ]	[ teki ]	671	[ ]	730
99	otsas	[ otsa ##s ]	[ ]	671	[ ]	730
99	küllalt	[ külla ##lt ]	[ külla ]	672	[ ]	731
99	kohus	[ kohu ##s ]	[ kohu ]	673	[ ]	732
99	arv	[ arv ]	[ arv ]	674	[ ]	733
99	algab	[ alga ##b ]	[ alga ]	675	[ ]	734
98	võeti	[ võe ##ti ]	[ ]	675	[ ]	734
98	tekkis	[ tekki ##s ]	[ ]	675	[ ]	734
98	teiseks	[ teise ##ks ]	[ ]	675	[ ]	734
98	sõnu	[ sõn ##u ]	[ ]	675	[ ]	734
98	rahulikult	[ rahuliku ##lt ]	[ rahuliku ]	676	[ ]	735
98	niisiis	[ nii ##siis ]	[ ##siis ]	677	[ ]	736
98	kolmas	[ kolmas ]	[ kolmas ]	678	[ ]	737
98	kandis	[ kand ##is ]	[ kand ]	679	[ ]	738
98	kah	[ kah ]	[ kah ]	680	[ ]	739
98	kadus	[ kadu ##s ]	[ ]	680	[ ]	739
98	elanud	[ ela ##nud ]	[ ]	680	[ ]	739
98	aastaid	[ aasta ##id ]	[ ]	680	[ ]	739
97	vahepeal	[ vahe ##peal ]	[ ##peal ]	681	[ ]	740
97	vaatasin	[ vaata ##sin ]	[ ]	681	[ ]	740
97	riikide	[ riiki ##de ]	[ riiki ]	682	[ ]	741
97	lähevad	[ lähe ##vad ]	[ ]	682	[ ]	741
97	kombel	[ kombe ##l ]	[ kombe ]	683	[ ]	742
97	kaheksa	[ kaheksa ]	[ kaheksa ]	684	[ ]	743
97	andma	[ and ##ma ]	[ ]	684	[ ]	743
96	tüdruku	[ tüdruku ]	[ tüdruku ]	685	[ ]	744
96	toimunud	[ toimu ##nud ]	[ ]	685	[ ]	744
96	tahad	[ taha ##d ]	[ ]	685	[ ]	744
96	suhted	[ suhte ##d ]	[ ]	685	[ ]	744
96	seegi	[ see ##gi ]	[ ]	685	[ ]	744
96	pilt	[ pilt ]	[ pilt ]	686	[ ]	745
96	nädalat	[ nädala ##t ]	[ ]	686	[ ]	745
96	kinnitusel	[ kinnituse ##l ]	[ kinnituse ]	687	[ ]	746
96	kellega	[ kelle ##ga ]	[ ]	687	[ ]	746
96	hüüdis	[ hüüd ##is ]	[ hüüd ]	688	[ ]	747
96	hiljuti	[ hilju ##ti ]	[ hilju ]	689	[ ]	748
96	heaks	[ hea ##ks ]	[ ]	689	[ ]	748
95	tunnistas	[ tunnista ##s ]	[ tunnista ]	690	[ ]	749
95	tuba	[ tuba ]	[ tuba ]	691	[ ]	750
95	seina	[ seina ]	[ seina ]	692	[ ]	751
95	puudub	[ puudu ##b ]	[ puudu ]	693	[ ]	752
95	luua	[ luu ##a ]	[ luu ]	694	[ ]	753
95	korras	[ korra ##s ]	[ ]	694	[ ]	753
95	kivi	[ kivi ]	[ kivi ]	695	[ ]	754
95	kala	[ kala ]	[ kala ]	696	[ ]	755
95	hakka	[ hakka ]	[ ]	696	[ ]	755
