"_token_","_type_"
"string","string"
"%","percentage"
"mg","unit"
"cm","unit"
"/L","unit"
"a","time"
"g/L","unit"
"mm","unit"
"mmHg","unit"
"ml","unit"
"U/L","unit"
"fL","unit"
"pg","unit"
"mg/L","unit"
"kg","unit"
"g","unit"
"tk","unit"
"min","time"
"tbl","unit"
"mcg","unit"
"p","time"
"kU/L","unit"
"x'","unit"
"mU/L","unit"
"TÜ","unit"
"Dsph","unit"
"h","time"
"µg/L","unit"
"x/min","unit"
"m/s","unit"
"ms","time"
"ng/mL","unit"
"/µL","unit"
"dcyl","unit"
"Dcyl","unit"
"MG","unit"
"sek","time"
"l/min","unit"
"dsph","unit"
"W","unit"
"l","unit"
"mm/h","unit"
"/l","unit"
"/min","unit"
"mg/l","unit"
"x´","unit"
"dB","unit"
"mmhg","unit"
"mg/p","unit"
"m/sek","unit"
"pg/mL","unit"
"mm/Hg","unit"
"HU","unit"
"IU/mL","unit"
"x`","unit"
"cc","unit"
"ng/L","unit"
"Hz","unit"
"mg/ml","unit"
"sm","unit"
"xp","unit"
"bpm","unit"
"gr","unit"
"mU/l","unit"
"Gy","unit"
"MET","unit"
"ng/ml","unit"
"db","unit"
"mL","unit"
"mmHG","unit"
"BPM","unit"
"tü","unit"
"SD","unit"
"cyl","unit"
"cm/s","unit"
"üh","unit"
"W/kg","unit"
"mkg","unit"
"ü","unit"
"MBq","unit"
"ml/m²","unit"
"x/p","unit"
"mIU/L","unit"
"km","unit"
"yrs","unit"
"cm²","unit"
"g/p","unit"
"mV","unit"
"IU/ml","unit"
"RÜ","unit"
"l/m","unit"
"MCG","unit"
"*C","unit"
"ug/L","unit"
"x’","unit"
"Pd","unit"
"ug","unit"
"DSph","unit"
"ppb","unit"
"s/min","unit"
"ug/l","unit"
"IU","unit"
"w/kg","unit"
"at","unit"
"DCyl","unit"
"µg","unit"
"L/min","unit"
"rn","unit"
"RN","unit"
"Tü","unit"
"mg/kg","unit"
"mmg","unit"
"/näd","unit"
"g/d","unit"
"°C","temp"
"tsp","unit"
"mg/d","unit"
"mcg/p","unit"
"RU","unit"
"mm/hg","unit"
"hz","unit"
"ml/h","unit"
"MMHG","unit"
"mcgr","unit"
"mm/t","unit"
"CM","unit"
"nd","time"
"nm","unit"
"ÜH","unit"
"IU/l","unit"
"sig/p","unit"
"TABL","unit"
"DEN","unit"
"kHz","unit"
"u/l","unit"
"mg/h","unit"
"tbl/p","unit"
"XP","unit"
"TON","unit"
"p.t","unit"
"ndl","time"
"mHg","unit"
"mh","unit"
"gm","unit"
"mkg/l","unit"
"HF","unit"
"g/dl","unit"
"DAP","unit"
"Ch","unit"
"tl","unit"
"X/min","unit"
"g/m²","unit"
"ng","unit"
"mmHg-","unit"
"mm/HG","unit"
"L/MIN","unit"
"sd","unit"
"ug/mL","unit"
"S/MIN","unit"
"mcg/D","unit"
"sf","unit"
"mg/g","unit"
"spl","unit"
"mc","unit"
"ng\ml","unit"
"/kuus","unit"
"x/näd","unit"
"p/s","unit"
"tk/p","unit"
"mcg/ml","unit"
"t/üh","unit"
"d/s","unit"
"RÜ/d","unit"
"/d","unit"
"ml/s","unit"
"ml/","unit"
"TÜ/h","unit"
"mg/hg","unit"
"mU/","unit"
"s/l","unit"
"mg/kg/p","unit"
"/m²","unit"
"IU/p","unit"
"Tü/p","unit"
"l/p","unit"
"cm/sek","unit"
"W/h","unit"
"m/sm","unit"
"d/","unit"
"x/","unit"
"cm/m²","unit"
"U/ml","unit"
"gr/kg","unit"
"X/","unit"
"U/mL","unit"
"/m","unit"
"mV/s","unit"
"S/D","unit"
"mm/","unit"
"mkg/dl","unit"
"mcg/L","unit"
"t/a","unit"
"/p","unit"
"µg/h","unit"
"L/","unit"
"l/ü","unit"
"/S","unit"
"/L/min","unit"
"s/dl","unit"
"gr/l","unit"
"mg/dl","unit"
"D/S","unit"
"kg/m","unit"
"p/näd","unit"
"mkg/L","unit"
"mcg/d","unit"
"x/kuus","unit"
"S/L","unit"
"/mm","unit"
"m/","unit"
"kg/","unit"
"Dsph/","unit"
"ml/sek","unit"
"W/min","unit"
"µg/l","unit"
"IU/näd","unit"
"mcg/mg","unit"
"l/sek","unit"
"ug/ml","unit"
"üh/ml","unit"
"l/l","unit"
"mkg/p","unit"
"L/sek","unit"
"m/L","unit"
"µg/mL","unit"
"g/g","unit"
"mm/mV","unit"
"mcg/a","unit"
"tbl/L","unit"
"ü/p","unit"
"mg/min/kg","unit"
"p/p","unit"
"t/näd","unit"
"X/min/","unit"
"ml/mg","unit"
"u/g","unit"
"s/","unit"
"dl/p","unit"
"/X","unit"
"mg/","unit"
"p/a","unit"
"u/ml","unit"
"ng/mL/h","unit"
"mg//ml","unit"
"U//l","unit"
"ml/min","unit"
"/g","unit"
"mcg/l","unit"
"mIU/ml","unit"
"TÜ/","unit"
"kU/l","unit"
"TÜ/ml","unit"
"ug/kg/min","unit"
"MG/p","unit"
"µg/min","unit"
"mcg/","unit"
"tü/","unit"
"l//min","unit"
"ml/min/kg","unit"
"W/cm","unit"
"L/S","unit"
"m/Hg","unit"
"ml/l","unit"
"g/kg","unit"
"mc/d","unit"
"µg/g","unit"
"gr/","unit"
"cm/m","unit"
"mkg/näd","unit"
"DSph/","unit"
"D/","unit"
"mmg/p","unit"
"mg/nd","unit"
"/kg","unit"
"RU/mL","unit"
"s/p","unit"
"mIU/l","unit"
"g/näd","unit"
"min/","unit"
"mmg/Hg","unit"
"s/p/","unit"
"mmg/l","unit"
"Tü/ml","unit"
"ml/s/s","unit"
"t/ü","unit"
"pg/l","unit"
"mcg/g","unit"
"MG/L","unit"
"g/l","unit"
"/x/a","unit"
"ng/l","unit"
"/tbl","unit"
"s/a","unit"
"IU/L","unit"
"W/","unit"
"mg/t","unit"
"m/U/l","unit"
"Hz/dB","unit"
"x/a","unit"
"Dcyl/","unit"
"mL/h","unit"
"g/ml","unit"
"x´/","unit"
"mg/m","unit"
"/x","unit"
"mkg/kuus","unit"
"mg/ml/h","unit"
"g/","unit"
"l/MIN","unit"
"p/","unit"
"ug/g","unit"
"ml/m","unit"
"mkg/","unit"
"cm/","unit"
"Hg/mm","unit"
"gr/L","unit"
"RÜ/ml","unit"
"mkg/kg/min","unit"
"näd/kuus","unit"
"mm/s","unit"
"//l","unit"
"ug/","unit"
"mg/mg","unit"
"S/","unit"
"tl/p","unit"
"w/","unit"
"m/l","unit"
"/mmHg","unit"
"l/","unit"
"ml/t","unit"
"%/","unit"
"RÜ/p","unit"
"TÜ/p","unit"
"/%","unit"
"tbl/d","unit"
"t/kuus","unit"
"L/s","unit"
"tü/ml","unit"
"mkg/ml","unit"
"km/h","unit"
"ü/l","unit"
"dB/","unit"
"mkg/t","unit"
"mg/näd","unit"
"ml/kg/min","unit"
"mg/ndl","unit"
"µg/p","unit"
"ml/ml","unit"
"mm/l","unit"
"TÜ/t","unit"
"ng/","unit"
"sm/","unit"
"üh/t","unit"
"ml/p","unit"
"pg/ml","unit"
"mg/kuus","unit"
"MG/D","unit"
"MCG/D","unit"
"X/MIN","unit"
"mmg/","unit"
"/Dsph","unit"
"RU/ml","unit"
"l/m²","unit"
"mIU/mL","unit"
"h/p","unit"
"g/%","unit"
"l/s","unit"
"mg/kg/min","unit"
"tbl/","unit"
"W//kg","unit"
"h/","unit"
"mmg/h","unit"
"a/","unit"
"/ml","unit"
"U/l","unit"
"mcg/h","unit"
"MCG/","unit"
"m/TÜ","unit"
"mL/min","unit"
"g/m","unit"
"mg/kg/h","unit"
"m/U/L","unit"
"mU/U","unit"
"U/","unit"
"h/kuus","unit"
"ml/kg","unit"
"IU/","unit"
"u/L","unit"
"k","time"
"mmol/l","unit"
"mmol/L","unit"
