,0,1
0,kongestiivse,361
1,Grav,190
2,hebd,144
3,oidiit,88
4,Ruptura,76
5,bilateralis,73
6,Status,63
7,otoksikoos,61
8,bilat,61
9,uteri,61
10,radikulopaatia,59
11,Gonarthrosis,58
12,radikulopaatiaga,56
13,sanata,53
14,genus,53
15,intraokulaarse,50
16,coli,48
17,seniilkatarakt,47
18,Laesio,46
19,Arthrosis,44
20,hemiparees,44
21,Mitraal,42
22,mammae,40
23,grav,40
24,genu,39
25,Cysta,39
26,partus,39
27,labii,37
28,cruris,37
29,Aterosklerootiline,35
30,dextri,35
31,Insuff,34
32,Fractura,33
33,ovarii,33
34,prolaps,32
35,haigussesundid,32
36,hüpotüreoos,30
37,Paroksüsmaalne,30
38,stent,30
39,Coxarthrosis,30
40,Carcinoma,30
41,paroksüsmaalne,29
42,vaginae,29
43,menisci,29
44,cordis,29
45,operata,29
46,medialis,28
47,Cicatrix,28
48,femoris,28
49,osteo,28
50,kardio,28
51,coxae,27
52,Adenocarcinoma,27
53,colli,27
54,Väljapöörd-suurvarvas,27
55,retinopaatia,27
56,Radikulopaatia,27
57,D-hüpovitaminoos,26
58,lateralis,25
59,prostatae,24
60,oklusioon,24
61,pneumoniae,24
62,maksillaarsinu,23
63,malleooli,23
64,distorsioon,23
65,distensioon,23
66,kardioversiooniga,23
67,haimoriit,22
68,kontraktuur,22
69,paatia,21
70,sinistri,21
71,Contractura,21
72,Graviditas,21
73,spondüloos,20
74,fibromatoos,20
75,Bursitis,20
76,cervicalis,20
77,humeroscapularis,20
78,proksimaalse,19
79,myop,19
80,adenokartsinoom,19
81,endoproteesimine,19
82,osin,19
83,insomniad,18
84,aeruginosa,18
85,susp,18
86,persisteeriv,18
87,kontusioon,18
88,Dupuytreni,18
89,malleoli,18
90,Radiculopathia,18
91,partialis,18
92,maan,17
93,arthroplasticam,17
94,residuaal- e,17
95,Pertrohhanteerne,17
96,nukleaarkatarakt,17
97,pylori,17
98,inferioorne,17
99,simplex,16
100,müalgia,16
101,mucosae,16
102,Makula,16
103,lumbalis,16
104,paroksüsmid,16
105,atriorum,16
106,duktaalkartsinoom,16
107,Võrkkestairre,16
108,Persistens,16
109,radii,16
110,hüpertüreoos,15
111,gravidarum,15
112,suspectu,15
113,(-lilt,15
114,entesopaatiad,15
115,Osteochondrosis,15
116,Arthralgia,15
117,Fibrillatio,15
118,humeri,15
119,transmuraalne,15
120,odex,15
121,talocruralis,15
122,Dekompensatsioon,15
123,epikondüliit,15
124,Persisteeriv,15
125,[-diafüüsi,14
126,ekstrasüstoolia,14
127,sinistra,14
128,Syndroma,14
129,korneas,14
130,harjaülise,14
131,anterioorne,14
132,cerebri,14
133,Võrkkestairdeta,14
134,nefropaatia,14
135,myopicus,14
136,hulgisõlmelise,13
137,Anaemia,13
138,vaskulaarne,13
139,Gravid,13
140,haigustused,13
141,posit,13
142,minores,13
143,pindluumise,13
144,sääreluumise,13
145,traumatica,13
146,fracturam,13
147,pristinus,13
148,magna,13
149,Occlusio,13
150,Klebsiella,13
151,Missed,13
152,Hypertensio,13
153,Endometriosis,13
154,E.Coli,13
155,pedis,13
156,disci,13
157,düsfunktsioon,12
158,Preprol,12
159,türeoidiit,12
160,vaginoos,12
161,perinei,12
162,demüelin,12
163,defekatsioon,12
164,Diabetes,12
165,tibiae,12
166,dextra,12
167,posttraumatica,12
168,trikuspidaal,12
169,Põlvekontusioon,12
170,Debilitas,12
171,dolorum,12
172,persisteeruv,12
173,Partus,12
174,Paikmega,11
175,Chondromalacia,11
176,capitis,11
177,Pseudomonas,11
178,sensorineuraalne,11
179,neevus,11
180,luksatsioon,11
181,Gleason,11
182,myocardii,11
183,Afaakia,11
184,Adipositas,11
185,endometrioos,11
186,Stenosis,11
187,grade,11
188,pleuraefusioon,11
189,Pneumonia,11
190,poplitea,11
191,status,11
192,Gastritis,11
193,spondüloartroos,11
194,mmol,11
195,Hemiparesis,11
196,minoris,11
197,eGFR,11
198,Stimulatio,11
199,Dermatofütoos,10
200,nahaseenhaigustu,10
201,Kapsulaarne,10
202,pseudoeksfoliatsiooniga,10
203,primaria,10
204,Bilat,10
205,partum,10
206,osteokondroos,10
207,Instabilitas,10
208,konjuktiviidiga,10
209,gonartroos,10
210,seinaläbine,10
211,palp,10
212,gravis,10
213,Subkapsulaarne,10
214,pulmonaalhüpertensioon,10
215,medicamentosa,10
216,ataksia,10
217,pneumonia,10
218,evigastuseta,10
219,ablatio,10
220,Prol,9
221,spondyloarthrosis,9
222,subacromialis,9
223,calcanei,9
224,hilistekkeline,9
225,müofastsiaalsed,9
226,funkts,9
227,IIaste,9
228,vaskuliit,9
229,chronica,9
230,koronaarhaigus,9
231,ossium,9
232,subtalaris,9
233,claviculae,9
234,dist,9
235,endometrioides,9
236,Müofastsiaalsed,9
237,eutüreoos,9
238,paatiad,9
239,Ki67,9
240,Aksonaalne,9
241,dislocatione,9
242,gonartroosid,9
243,genitalis,9
244,Dilateeruv,9
245,femoralis,9
246,hemisfääris,9
247,Gemelli,9
248,fibroos,9
249,hüpokseemia,9
250,retinae,9
251,remiss,9
252,fractura,9
253,Müofastsiaalne,9
254,planus,8
255,segmentaarne,8
256,[-distressiga,8
257,persistens,8
258,patellae,8
259,köhavariantsele,8
260,neuropaatiline,8
261,iliaca,8
262,Fibroadenoma,8
263,Enterococcus,8
264,Adenokartsinoom,8
265,Tendinitis,8
266,depolarisatsioon,8
267,düsplaasia,8
268,Myopia,8
269,Osteopeenia,8
270,Persisteeruv,8
271,supraspinati,8
272,superficialis,8
273,perf,8
274,Palp,8
275,membri,8
276,mirabilis,8
277,Infarctus,8
278,maturus,8
279,multilocularis,8
280,riniit,8
281,preval,8
282,võrkkestairre,8
283,Radicul,8
284,antrumi,8
285,nmol,8
286,Hypotonia,8
287,hüperparatüreoos,7
288,sümptomidega,7
289,Torakaal-,7
290,Asthma,7
291,Infertilitas,7
292,alzheimeri,7
293,Hilistekkeline,7
294,analgeetiliste,7
295,Järelkatarakt,7
296,hilisnähud,7
297,Luxatio,7
298,anterolistees,7
299,Infert,7
300,thoracalis,7
301,pertrochanterica,7
302,persistentne,7
303,Streptococcus,7
304,mixt,7
305,Bilateralis,7
306,organkahj,7
307,explantationem,7
308,ventrikulaarne,7
309,iridotsükliit,7
310,septitseemia,7
311,dekompensatsioon,7
312,Hernia,7
313,karotiidarterisündroom,7
314,dermoides,7
315,ureeteri,7
316,dehistsents,7
317,Komplikaatkatarakt,7
318,postop,7
319,subendokardiaalne,7
320,Melanoma,7
321,Spondüloartroos,7
322,Varices,7
323,Spondyloarthrosis,7
324,missed,7
325,Candida,7
326,vertiigo,7
327,endometrii,7
328,Colica,7
329,ml/min,7
330,Protrusio,7
331,tubulaarne,7
332,Hallux,7
333,radikulaarne,7
334,lobektoomia,7
335,Endoprothesis,7
336,nahaseenhaigustus,6
337,kaavitav,6
338,Crohni,6
339,Preproliferatiivne,6
340,Hulgipaikmed,6
341,tamponaad,6
342,treemor,6
343,fibrillatsioon,6
344,nummularis,6
345,disseminata,6
346,Subduraalne,6
347,makulopaatia,6
348,Meibomi,6
349,Eczema,6
350,gestationalis,6
351,permanens,6
352,Omarthrosis,6
353,secundaria,6
354,talonavicularis,6
355,ventrikulaarsed,6
356,degeneratiiv,6
357,eutüreoidne,6
358,tsüstiit,6
359,plantaris,6
360,Fibrosis,6
361,Naevus,6
362,torakaalosas,6
363,ventriculi,6
364,spinaalstenoos,6
365,papillare,6
366,Aneurysma,6
367,Myoma,6
368,musc,6
369,allavaje,6
370,Mycoplasma,6
371,tendinis,6
372,Arthritis,6
373,lingulas,6
374,Postop,6
375,Proteus,6
376,Enterobacter,6
377,acuta,6
378,Spinaalne,6
379,loco,6
380,resektsioon,6
381,sicca,6
382,Hyperplasia,6
383,koroidea,6
384,acquisitus,5
385,pansinu,5
386,crohni,5
387,hüperlipideemia,5
388,Escherichia,5
389,Proliferatiivne,5
390,köhavariantne,5
391,Konkussioon,5
392,kolangiit,5
393,aPAP,5
394,Capitis,5
395,guttata,5
396,oidne,5
397,eksoftalm,5
398,Taustaretinopaatia,5
399,Õlavarreluukeha,5
400,patellofemoralis,5
401,Makuladruusid,5
402,aPAP-ravi,5
403,dissemineeritud,5
404,atsioon,5
405,paroxysmalis,5
406,rektotseelega,5
407,neurosensoorne,5
408,Epicondylitis,5
409,polypus,5
410,eosinofiilid,5
411,deformans,5
412,tubulovilloosne,5
413,entsefalopaatia,5
414,teleangiektaasiad,5
415,erüteem,5
416,Distorsio,5
417,blefariit,5
418,Polypus,5
419,monokulaarne,5
420,regio,5
421,outr,5
422,Bariaatriline,5
423,Fascitis,5
424,Parox,5
425,Lichen,5
426,alusi,5
427,op-tud,5
428,canalis,5
429,Stenocardia,5
430,negat,5
431,radiocarpalis,5
432,eksudaadiga,5
433,calcarea,5
434,metformiinravi,5
435,abortion,5
436,distalis,5
437,L-thyroxini,5
438,Paroksüsm,5
439,osteopeenia,5
440,paroksüsm,5
441,Dermatitis,5
442,Infectio,5
443,Helicobacter,5
444,Genu,5
445,Uneapnoe,5
446,anterior,5
447,Inferioorne,5
448,atrophica,5
449,metaplaasia,5
450,Dorsalgia,5
451,küfoskolioos,5
452,paratüreoidadenoomi,5
453,.-tud,5
454,Angioma,5
455,fibromüalgia,5
456,koronaaridest,5
457,düsartria,5
458,sfincteri,5
459,recidiva,5
460,formaldehüüd,5
461,inferior,5
462,protrusioon,5
463,diffusa,5
464,Papillaarne,5
465,Transsectio,5
466,hole,5
467,Ulcus,5
468,prostatektoomia,5
469,Hüperkapnia,5
470,ferritiini,5
471,cubiti,5
472,Retentio,5
473,Xarelto,5
474,hereditaarne,5
475,bursiit,5
476,Bentalli,5
477,complicata,5
478,artropaatiaga,5
479,erosiivne,5
480,patol,5
481,Cephalgia,5
482,pulmonum,5
483,Epiretinaalne,5
484,faecium,5
485,albicans,5
486,S. Oxytocini,5
487,tuumornefrektoomia,5
488,Exacerbata,5
489,aortae,5
490,Protesis,5
491,tonsilliit,4
492,dupuytreni,4
493,renum,4
494,patellafraktuur,4
495,eeriv,4
496,bronchiale,4
497,etmoidaalsinu,4
498,preprol,4
499,somatisatsiooniga,4
500,achilleuse,4
501,presbüoopia,4
502,Myopicus,4
503,L-thyroxin,4
504,paravertebraalne,4
505,neuroektodermaalne,4
506,ekstraossaalne,4
507,Ewingi,4
508,Ventrikulaarne,4
509,taustaretinopaatia,4
510,Kolangio- e,4
511,metaboolne,4
512,kortikaalne,4
513,Chondromalatio,4
514,Endoprotesis,4
515,konjuktiviit,4
516,ectopica,4
517,Follikulaarne,4
518,amputatsioon,4
519,interna,4
520,mekooniumiga,4
521,acromioclavicularis,4
522,anti-CCP,4
523,follikulaarne,4
524,anserina,4
525,türeotoksikoos,4
526,fibroepithelialis,4
527,Nyha,4
528,kubitaalkanali,4
529,Insufficientia,4
530,hüpermetroopia,4
531,Raynaud,4
532,Kardio,4
533,Vaskulaarne,4
534,ristatisideme,4
535,mixtus,4
536,sublukseerunud,4
537,cervicis,4
538,lumbaalosas,4
539,anastomoosi,4
540,Supraventrikulaarne,4
541,eosinofiilne,4
542,Larsen-Dale,4
543,spondüliit,4
544,Child-Pugh,4
545,oesophagi,4
546,chemotherapiam,4
547,karotiidsüsteemis,4
548,Bronchitis,4
549,obstr,4
550,communis,4
551,Lentigo,4
552,vestibulopaatia,4
553,tümpanoplastikajärgne,4
554,Astigmat,4
555,fragilis,4
556,occipit,4
557,endoprothesis,4
558,maxillaris,4
559,Quervain,4
560,spinaalkanali,4
561,ureaplasmoos,4
562,Matura,4
563,perikraniaalsete,4
564,bilater,4
565,op.-d,4
566,mitmik-;,4
567,Paroxysmalis,4
568,angiograafia,4
569,bigeminia,4
570,kordaroonist,4
571,Mirena,4
572,ventr,4
573,angioma,4
574,angio-ct-,4
575,düsbakterioos,4
576,femoro-poplitealis,4
577,apicis,4
578,Baker,4
579,coloni,4
580,sigmoidei,4
581,Cardiomyopathia,4
582,Amniotomia,4
583,hemipareesiga,4
584,Thrombosis,4
585,Struma,4
586,nodosa,4
587,aureus,4
588,Hyperemesis,4
589,hemipleegiline,4
590,Intratserebraalne,4
591,imminens,4
592,intramuraalne,4
593,osteomüeliit,4
594,Lewy,4
595,praematurus,4
596,klaudikatsioon,4
597,neuroom,4
598,Cholelithiasis,4
599,corporis,4
600,pannikuliit,4
601,Urosepsis,4
602,Contractiones,4
603,praeparantes,4
604,bronhiektaasid,4
605,eksokriinne,4
606,Morganella,4
607,morganii,4
608,fibulae,4
609,typico,4
610,mortus,4
611,Acinetobacter,4
612,intestinalis,4
613,submandibularis,4
614,carotis,4
615,monopleegia,4
616,lausüvapõletikud,4
617,stellatum,4
618,Intermiteeruv,4
619,plica,4
620,mitraalrike,4
621,puudul,4
622,liitneevus,4
623,biliaarne,4
624,Vulnus,4
625,rubrum,4
626,carpi,4
627,temporomandibularis,4
628,Cystoma,4
629,retensioon,4
630,Tendinosis,4
631,collateralis,4
632,pneumotooraks,4
633,Vestibulaarfunktsiooni,4
634,Hoffa,4
635,Fibrotsüstilised,4
636,prim,4
637,Heberdeni,4
638,oper,4
639,uneapnoe,4
640,spinalis,4
641,foetus,4
642,spondülolistees,4
643,renis,4
644,Uterus,4
645,Candidiasis,4
646,Hüpokseemia,4
647,placentae,4
648,hüperkapnia,4
649,mixta,4
650,Asümptomaatiline,4
651,erosiva,4
652,Oxytocini,4
653,9nmol,4
654,congenita,4
655,monotsütoos,4
656,ferritiin,4
657,motor-],4
658,fluerestseiin,4
659,endomeetriumi,3
660,hüperplaasia,3
661,hemangioom,3
662,Hüperparatüreoos,3
663,paratür,3
664,Magna,3
665,eerivad,3
666,Köhavariantne,3
667,Sicca,3
668,prog,3
669,mükobakternakkused,3
670,varikoossed,3
671,vertebrobasilaarne,3
672,Proliferativa,3
673,Kartageneri,3
674,pilaris,3
675,proovi-C-PAP,3
676,Astigmatismus,3
677,pedum,3
678,invaginatsiooni,3
679,Polüartroos,3
680,fibroadenoomid,3
681,planae,3
682,hüpolaktaasia,3
683,Periostitis,3
684,Multiinfarktne,3
685,kompr,3
686,Dextroscoliosis,3
687,Metformiinravil,3
688,makulopaatiaga,3
689,Retinopaatia,3
690,Metaboolne,3
691,vertebrogeenne,3
692,amiodaroonist,3
693,kornea,3
694,Achillei,3
695,anterolateralis,3
696,Kalaasion,3
697,Erüteem,3
698,Persistentne,3
699,diafüüsi,3
700,gastrosk,3
701,intermiteeruva,3
702,supraspinatus,3
703,diafüüside,3
704,matura,3
705,vertebr,3
706,carcinoma,3
707,squamocellulare,3
708,stenti,3
709,Eksotroopia,3
710,clitoris,3
711,Erosiivne,3
712,mikroprolaktinoom,3
713,nefrektoomia,3
714,mitte-hodgkini,3
715,sebaceus,3
716,dysgalactiae,3
717,Commotio,3
718,salpingiit,3
719,spondüloartropaatia,3
720,sakroiliit,3
721,entesopaatia,3
722,oxytoca,3
723,olecrani,3
724,Anaplastne,3
725,Spinaalstenoos,3
726,anterolateraalne,3
727,pleegia,3
728,Nefropaatia,3
729,manuum,3
730,subkliiniline,3
731,Morgagni,3
732,Makulopaatia,3
733,subseroosne,3
734,Pernitsioosne,3
735,hypermetr,3
736,Opatsitaadid,3
737,musculi,3
738,düstoonia,3
739,pleuropneumoonia,3
740,tendini,3
741,ÖRpos,3
742,PRpos,3
743,aksillaarselt,3
744,Lynchi,3
745,Cystae,3
746,Infiltratiivne,3
747,Puusakontusioon,3
748,mukoosne,3
749,sangvinoosne,3
750,compressiva,3
751,hemikolektoomia,3
752,Löfgreni,3
753,contusio,3
754,Exostosis,3
755,malignum,3
756,ektaasid,3
757,artrodees,3
758,enteriit,3
759,Fixata,3
760,Düsplastiline,3
761,Ruptua,3
762,amputationem,3
763,residuaalne,3
764,Transmuraalne,3
765,Dystocia,3
766,Intestinaalne,3
767,L-Thyroxin,3
768,kolpiit,3
769,Statiinravi,3
770,elektrokardiogramm,3
771,normofrekventne,3
772,syndrome,3
773,regionis,3
774,senile,3
775,Coxalgia,3
776,Basalioma,3
777,shunti,3
778,kahj,3
779,Sactosalpinx,3
780,Polyposis,3
781,Düsartria,3
782,Kondromalaatsia,3
783,Multiformne,3
784,impingement,3
785,urosepsis,3
786,Staphylococcus,3
787,Fibromüalgia,3
788,posterior,3
789,Anterioorne,3
790,Abortus,3
791,koronaartõbi,3
792,alimentaarne,3
793,Dysplasia,3
794,müelinolüüs,3
795,osteiit,3
796,osteoradionekroos,3
797,periostiit,3
798,hemihüpalgeesia,3
799,influenzae,3
800,shunt,3
801,Bradükardia,3
802,Endometrioma,3
803,Mesenteriaalne,3
804,karotiidarteri,3
805,hemodünaamiliselt,3
806,Oedema,3
807,leiomüoom,3
808,styloidei,3
809,tubae,3
810,Thrombembolia,3
811,Foetus,3
812,lutei,3
813,Goxarthrosis,3
814,aksonaalne,3
815,polüpektoomia,3
816,tuhu,3
817,High,3
818,olecranii,3
819,pülori,3
820,trimalleolaris,3
821,follikulaartsüst,3
822,Dissemineerunud,3
823,occlusio,3
824,tibialis,3
825,luxationem,3
826,intratserebraalne,3
827,supranukleaarne,3
828,hordeool,3
829,Pedis,3
830,M.Parkinsoni,3
831,Endometrioos,3
832,Discopathia,3
833,Yasminelle,3
834,Reumokardioskleroos,3
835,komisurotoomia,3
836,aortirike,3
837,melaniinliigpigmentumus,3
838,papillaarne,3
839,hypermtr,3
840,Scoliosis,3
841,dentogeenne,3
842,Fleree,3
843,enukleatsioon,3
844,trombofiilia,3
845,lichen,3
846,Contusio,3
847,rosaatsea,3
848,aterosklerootiline,3
849,lobectomia,3
850,Intramuraalne,3
851,Anembryonia,3
852,artropaatia,3
853,avulsio,3
854,neurinoom,3
855,hyper,3
856,hyperm,3
857,rö-staadium,3
858,Küünrakontusioon,3
859,residuaal-),3
860,supraventrikulaarsed,3
861,Ablatsioon,3
862,dermatofibroom,3
863,lamellaarne,3
864,genit,3
865,transmuralis,3
866,granuloom,3
867,hulgisõlmeline,3
868,perif,3
869,Cervicalis,3
870,sinister,3
871,hüperinsulineemia,3
872,cerv,3
873,maksillaarsiinuses,3
874,claudicatio,3
875,intermittens,3
876,Haemorrhagia,3
877,mortoni,3
878,Lumbaalsel,3
879,Metforali,3
880,angioödeem,3
881,Endomeetriumi,3
882,Neevus,3
883,Hüpermetroopia,3
884,Downi,3
885,glabrata,3
886,stabilis,3
887,Kardiorenaalne,3
888,Episiotomia,3
889,atherosclerotica,3
890,spondülolüüs,3
891,transversi,3
892,neutropeenia,3
893,non-stemi,3
894,bakteriuuria,3
895,praematura,3
896,trikuspidaalklapi,3
897,bakteruuria,3
898,meningioom,3
899,radialis,3
900,epiduralis,3
901,cutis,3
902,müomeetrium,3
903,trombotsütoos,3
904,relat,3
905,3nmol,3
906,8nmol,3
907,0nmol,3
908,5nmol,3
909,Somatoformne,2
910,Anogenitaalsed,2
911,käitumish,2
912,otoksikoosiga,2
913,Diffuusne,2
914,ekstrapüramidaal-,2
915,Essentsiaalne,2
916,Subkortikaalne,2
917,superfitsiaal,2
918,skleroseeriv,2
919,mükobakterioosid,2
920,Marevanravil,2
921,gastrektoomia,2
922,koletsüstektoomia,2
923,immunoglobuliin,2
924,Compos,2
925,spisoonekartsinoom,2
926,thalamuse,2
927,maligniseerunud,2
928,Artroskoopia,2
929,kõrga,2
930,preproliferatiivne,2
931,gluteaaltendiniit,2
932,Recidiva,2
933,inversa,2
934,L-Thyroxinravil,2
935,vaariksid,2
936,Pityriasis,2
937,organkahjustu,2
938,microbicum,2
939,spis,2
940,Keratosis,2
941,Subarahnoidaalne,2
942,renalis,2
943,Seronegatiivne,2
944,Cholecystitis,2
945,divertikuloos,2
946,Haemotransfusio,2
947,osteotoomia,2
948,Chondromalatia,2
949,neoplaasia,2
950,trochanterica,2
951,aCPAP-ravi,2
952,L-thyroxinravil,2
953,VTR-tud,2
954,rivaroksabaanravil,2
955,keratosis,2
956,sinineevus,2
957,hüdrotseele,2
958,metformiinravil,2
959,Subtrohhanteerne,2
960,parox,2
961,Tumor,2
962,Maisenneuve,2
963,Steatohepatiit,2
964,hüpertensiivne,2
965,defekatsiooni,2
966,aCPAP,2
967,koormusindutseeritav,2
968,Neovasculare,2
969,collaterale,2
970,Morbus,2
971,agalactiae,2
972,mediastinaalselte,2
973,alasgaras,2
974,Atoopiline,2
975,lumbalgiaga,2
976,Intermitteeruva,2
977,Tservikogeenne,2
978,Tendinopathia,2
979,resekts,2
980,Kuperoosne,2
981,Turneri,2
982,cornescens,2
983,frontaalsinu,2
984,multisegmentaarne,2
985,Chondropathia,2
986,Eutüreoos,2
987,melanotsüütneevused,2
988,kombinatsiooonravimid,2
989,mucosa,2
990,aorto-bifemoralis,2
991,medius,2
992,revisioonprotees,2
993,kardiomüopaatia,2
994,Bulloosne,2
995,Dikoriaalsed,2
996,Horror,2
997,Küfoskolioos,2
998,Eosinofiilne,2
999,condyli,2
1000,urtikaarne,2
1001,sigillocellulare,2
1002,Osteoarthrosis,2
1003,Meningiitiline,2
1004,Teleangiektaasiad,2
1005,aCCP,2
1006,ungium,2
1007,B27neg,2
1008,high,2
1009,intestinaalne,2
1010,diaphysis,2
1011,Transitoorne,2
1012,Parkinsonistliku,2
1013,Tonsillektoomia,2
1014,konisatsioonijärgne,2
1015,tahhüfrekventne,2
1016,Müelodüsplastiline,2
1017,parkinsonistlik,2
1018,hemisfäär,2
1019,iferioorne,2
1020,intermiteeruv,2
1021,peroneus,2
1022,Medulaarne,2
1023,endomeetrium,2
1024,candida,2
1025,pollicis,2
1026,konkrement,2
1027,sclerosus,2
1028,neevused,2
1029,Diaprel,2
1030,supraventricularis,2
1031,ruptuur,2
1032,humerosacpularis,2
1033,Humeri,2
1034,tend,2
1035,rotaturum,2
1036,rektotseele,2
1037,invaginatsiooniga,2
1038,suspectum,2
1039,Kollaskehatsüst,2
1040,apoplexia,2
1041,Haemorrhoides,2
1042,totalis,2
1043,hüperostoos,2
1044,Blefarokonjunktiviit,2
1045,sensoor,2
1046,pannikuliidile,2
1047,atoopilise,2
1048,Ferritiin,2
1049,Pigmenteeritud,2
1050,Hereditaarne,2
1051,Hüpotüreoos,2
1052,Papilloma,2
1053,seborroica,2
1054,spongiootiline,2
1055,Compressio,2
1056,inferioris,2
1057,articulationis,2
1058,diskogeenne,2
1059,Beeta2,2
1060,endoproteesimise,2
1061,Neurotroofne,2
1062,Intermiteeruva,2
1063,Weissi,2
1064,enterotseele,2
1065,keratotoomia,2
1066,Hüper,2
1067,idroos,2
1068,Köhavarjantne,2
1069,ventricularis,2
1070,Esotroopia,2
1071,Neovaskulaarne,2
1072,Türeotroopne,2
1073,gonadotroopne,2
1074,respiratoria,2
1075,Bypass,2
1076,kardioversiooni,2
1077,duodeenumi,2
1078,Diamniaalsed,2
1079,metallstent,2
1080,kolonoskoopia,2
1081,adrenalektoomia,2
1082,feokromotsütoomide,2
1083,rinokonjunktiviit,2
1084,ladestised,2
1085,Dermatofibroom,2
1086,Lumb,2
1087,protrusiooniga,2
1088,Algstaaadiumis,2
1089,Killip,2
1090,prot,2
1091,Holter-monitooringu,2
1092,anteroseptaalne,2
1093,somatoformsed,2
1094,Subtalaarne,2
1095,adneksidega,2
1096,Holter,2
1097,artrootilised,2
1098,Amplatzer,2
1099,Nephrectomia,2
1100,mikroangiopaatia,2
1101,leukoom,2
1102,Kardiaalne,2
1103,Ptka,2
1104,Polüpoidne,2
1105,ooforiit,2
1106,Pt2a,2
1107,gleason,2
1108,insuff,2
1109,Vateri,2
1110,persist,2
1111,Bartholini,2
1112,Meniere,2
1113,oculomotoriuse,2
1114,Insufficietia,2
1115,Osteomyelitis,2
1116,viii,2
1117,paroxismalis,2
1118,juveniilne,2
1119,spinaalosteokondroos,2
1120,Bulbaarparalüüs,2
1121,Apoplexia,2
1122,glioblastoom,2
1123,dilatativa,2
1124,anasarka,2
1125,medab,2
1126,cervicobrachialis,2
1127,prox,2
1128,bulbaarparalüüs,2
1129,trigemini,2
1130,venosi,2
1131,akäe,2
1132,Amyloidosis,2
1133,ST-elevatsiooniga,2
1134,dilatans,2
1135,Thyreoiditis,2
1136,media,2
1137,Chlamydia,2
1138,pneum,2
1139,nervi,2
1140,facialis,2
1141,hepatica,2
1142,transsfincterica,2
1143,]-sulgus,2
1144,kospupõletik,2
1145,pnuemoniae,2
1146,pertrochantericae,2
1147,mutsinoosadenokartsinoom,2
1148,marevani,2
1149,Hypertonia,2
1150,intraventrikulaarne,2
1151,fossa,2
1152,C1-esteraasi,2
1153,intestini,2
1154,radikulaarse,2
1155,Larsen-Dale´i,2
1156,Reruptura,2
1157,shundi,2
1158,Gonarhtrosis,2
1159,kolestaas,2
1160,Hydrocele,2
1161,articulatio,2
1162,kartsinomatoosne,2
1163,peritoneaalne,2
1164,Anastomoosi,2
1165,Stenotrophomonas,2
1166,gastropaatia,2
1167,lobularis,2
1168,Tserebellaarne,2
1169,ajukontusioon,2
1170,densi,2
1171,tservikalgiaga,2
1172,pulmonaalne,2
1173,compr,2
1174,dermoidtsüst,2
1175,postfracturam,2
1176,Cruris,2
1177,tubaria,2
1178,score,2
1179,emakakaeladüsplaasia,2
1180,transmur,2
1181,caput,2
1182,inferoseptaalne,2
1183,bigeminus,2
1184,Pseudoarthrosis,2
1185,aordidissektsioon,2
1186,ülejuhtega,2
1187,spondülodees,2
1188,Chronica,2
1189,Kathon,2
1190,Incompetentia,2
1191,Polüüpektoomia,2
1192,proc,2
1193,ulnae,2
1194,neuroendokriinsele,2
1195,Kortikobasaalne,2
1196,explantatis,2
1197,Endometrioosi,2
1198,Kõhukeelme,2
1199,dyshidroticum,2
1200,manum,2
1201,folliculare,2
1202,spont,2
1203,paratubaris,2
1204,Sclerosis,2
1205,diskiprolaps,2
1206,liposarkoom,2
1207,Hepatotsellulaarne,2
1208,neuroendokriinse,2
1209,diferentseeringuga,2
1210,sombusharja,2
1211,Ataxia,2
1212,cerebellaris,2
1213,Embolia,2
1214,lobulaarkartsinoom,2
1215,multiipel- e,2
1216,oftalmopleegia,2
1217,brachialis,2
1218,multocida,2
1219,sünehhia,2
1220,foraminaalsest,2
1221,stenoosisit,2
1222,ekstraforaminaalsest,2
1223,prolapsist,2
1224,Urotrakti,2
1225,stadium,2
1226,klaudikatsiooniga,2
1227,submucosum,2
1228,Stadium,2
1229,meniscus,2
1230,bursopaatiad,2
1231,limapaunahaigustused,2
1232,Nocardia,2
1233,Fluidometra,2
1234,polüartroos,2
1235,resectio,2
1236,prolapsid,2
1237,orbita,2
1238,excisio,2
1239,rigidus,2
1240,toimurite,2
1241,müosiit,2
1242,Operata,2
1243,Sialolithiasis,2
1244,diastaas,2
1245,anamnestiliselt,2
1246,flebiit,2
1247,tromboflebiit,2
1248,Dermoidtsüst,2
1249,Braunovidon,2
1250,solaris,2
1251,subscapularis,2
1252,Spinaalkanali,2
1253,radikulopatia,2
1254,Autoimmuune,2
1255,Opatsitaat,2
1256,põial,2
1257,Lyme,2
1258,dorsi,2
1259,retrolistees,2
1260,S1sin,2
1261,Intratserebraalse,2
1262,hemipareesi,2
1263,Paresteetiline,2
1264,meralgia,2
1265,mükoplasmoos,2
1266,Prolactinoma,2
1267,proktalgia,2
1268,prol,2
1269,Tservikogeensed,2
1270,punctum,2
1271,mükoidse,2
1272,acromio-clavicularis,2
1273,metroendometriit,2
1274,protrombiini,2
1275,kardia,2
1276,Mkta,2
1277,Rosaatsea,2
1278,Beckeri,2
1279,vulvae,2
1280,Leberi,2
1281,mitokondriaalses,2
1282,histol,2
1283,spondülartroos,2
1284,spondylolisthesis,2
1285,neurovaskulaarne,2
1286,prolapsus,2
1287,Artephacia,2
1288,Kannadistorsioon,2
1289,angiopaatia,2
1290,Glioblastoma,2
1291,multiforme,2
1292,Sfinkter,2
1293,enteropaatia,2
1294,Konisatsioonijärgne,2
1295,brachii,2
1296,ramus,2
1297,valusündr-ga,2
1298,planiit,2
1299,polüpoos,2
1300,kodutolmulistelistele,2
1301,Kekmise,2
1302,Keratokonjunktiviit,2
1303,Gonartroos,2
1304,hüpotüreoosile,2
1305,Salmon,2
1306,Durie,2
1307,Mortoni,2
1308,Metüülisotiasolinoon,2
1309,uroinfektsioon,2
1310,mikroalbuminuuria,2
1311,genitalium,2
1312,Instabiltas,2
1313,psoriasis,2
1314,vulgaris,2
1315,pisiforme,2
1316,spondülopaatia,2
1317,allergica,2
1318,luteaalfaasi,2
1319,contusum,2
1320,trombotsütopeenia,2
1321,malformatsioon,2
1322,sünoviit,2
1323,uroinfektsioonile,2
1324,corp,2
1325,Deformatio,2
1326,contusionem,2
1327,sacralis,2
1328,subac,2
1329,anküloos,2
1330,squamocellularis,2
1331,Mycopl,2
1332,dyshidrotica,2
1333,menses,2
1334,posturaalne,2
1335,Immuuntrombotsütopeenia,2
1336,sümfüsiopaatia,2
1337,bronhopulmonaalsel,2
1338,lubistustega,2
1339,fibrooskolle,2
1340,M. Hypertensivus,2
1341,evigastusega,2
1342,Treemor,2
1343,polüartroosid,2
1344,adipoos,2
1345,L-thyroxinidoos,2
1346,Lindynette,2
1347,magnae,2
1348,Osteokondroos,2
1349,thor,2
1350,spondülopaatiad,2
1351,Chephalgia,2
1352,Lumbaago,2
1353,Sequelae,2
1354,tuberculosis,2
1355,suurunune,2
1356,later,2
1357,müofastsiaalne,2
1358,melanotsütaarseks,2
1359,maliignsuspotentsiaaliga,2
1360,tservikalgia,2
1361,Aftoosne,2
1362,Iliotibiaaltrakti,2
1363,Op-tud,2
1364,Fibroos,2
1365,Gonartrosis,2
1366,saged,2
1367,occip,2
1368,Düsplaasia,2
1369,Spondylosis,2
1370,thyreoidectomia,2
1371,Hypermetr,2
1372,epiretinaalne,2
1373,exac,2
1374,astigmatismus,2
1375,vaibefaasis,2
1376,hüpotüreoosi,2
1377,gemelli,2
1378,Hemokromatoosi,2
1379,lukseerunud,2
1380,dreneeritud,2
1381,Sjögreni,2
1382,siliderjad,2
1383,Fibroostsüstiline,2
1384,mastopaatia,2
1385,tservikogeenne,2
1386,ulnaarnärvi,2
1387,peribronhiaalsele,2
1388,tarsi,2
1389,püsivte,2
1390,köhavarjantsele,2
1391,lumbalgia,2
1392,krüoglobulineemia,2
1393,aterosklerootilised,2
1394,leiomüosarkoom,2
1395,Monoparesis,2
1396,brach,2
1397,Testikulaarne,2
1398,funktsion,2
1399,Hüporenineemiline,2
1400,hüpoaldosteronism,2
1401,Femoston,2
1402,sella,2
1403,Intraduktaalsed,2
1404,st-i,2
1405,vitr,2
1406,spondylogenes,2
1407,cataracta,2
1408,myopia,2
1409,Superfitsiaalne,2
1410,hirsutism,2
1411,Pelvis,2
1412,duplex,2
1413,ajuödeem,2
1414,trof,2
1415,kobei,2
1416,hernia,2
1417,efusioon,2
1418,stenocardia,2
1419,Suturatio,2
1420,Transplantektoomia,2
1421,Biliaarne,2
1422,Septoplastika,2
1423,Pulmokardiaalne,2
1424,Ruotura,2
1425,cloacae,2
1426,Marevani,2
1427,Hemianopsia,2
1428,diastolica,2
1429,Allogeense,2
1430,reaktivatsioon,2
1431,Normofrekventne,2
1432,Cardiosclerosis,2
1433,Stent,2
1434,diskopaatiaga,2
1435,Dyslipidaemia,2
1436,supraventrikulaarne,2
1437,specificata,2
1438,x/min,2
1439,trikuspidaalplastika,2
1440,pseudomonas,2
1441,Supraventrikulaarsed,2
1442,aureuse,2
1443,Thrombophlebitis,2
1444,nyha,2
1445,parkinsonistliku,2
1446,kandidiaas,2
1447,Abruptio,2
1448,trombembolist,2
1449,baumannii,2
1450,Bacteroides,2
1451,b-laktamaas,2
1452,Cystadenoma,2
1453,serosum,2
1454,Meningioom,2
1455,S.Oxytocini,2
1456,paraovarialis,2
1457,Inductio,2
1458,Pelvioperitonitis,2
1459,adhaesiva,2
1460,mikrofollikulaarne,2
1461,metformiin,2
1462,paratubaarne,2
1463,peritonei,2
1464,sclerosiva,2
1465,metaplasia,2
1466,Zenkeri,2
1467,Genous,2
1468,Stim,2
1469,metatarsalis,2
1470,alloplasticam,2
1471,Hüpokroomne,2
1472,Transabdominal,2
1473,cervicoisthmical,2
1474,cerclage,2
1475,I . Grav,2
1476,endarterektoomia,2
1477,periovariaalsed,2
1478,bicepsi,2
1479,Glükokortikoidravist,2
1480,aksillaarsel,2
1481,Karotiid- e,2
1482,hüperbilirubineemia,2
1483,fibroadenoos,2
1484,uroteliaalne,2
1485,Gastropathia,2
1486,uterina,2
1487,Metformiin,2
1488,glan,2
1489,thyreoidea,2
1490,tuumorektoomia,2
1491,türeoidektoomia,2
1492,Hydronephrosis,2
1493,fassettliigese,2
1494,erythematosa,2
1495,Segahüperlipideemia,2
1496,steatoos,2
1497,Spondylolisthesis,2
1498,eosinofiilia,2
1499,rectus,2
1500,põlveõndlusel,2
1501,Müelopathia,2
1502,lymphomae,2
1503,extrapathionem,2
1504,Ninapolüpoos,2
1505,koormustestil,2
1506,peptiline,2
1507,Oper,2
1508,4mmol,2
1509,Regol,2
1510,sunti,2
1511,1nmol,2
1512,Hyperopicus,2
1513,kilpn,2
1514,vaiguk,2
1515,Fuch,2
1516,endoteliopaatia,2
1517,hõlmane,2
1518,Laserop,2
1519,katarakt,2
1520,hemidiafragma,2
1521,kirgurgilise,2
1522,Myop,2
1523,Mediastiinumi,2
1524,Coccygodynia,2
1525,lumbosacralis,2
1526,paatia-,2
1527,humeralis,2
1528,chol,2
1529,dissotsiatiivsed,2
1530,eksotroopia,2
1531,Müofasiaalsed,2
1532,menopausaalne,2
1533,rinosinusiit,2
1534,mycopl,2
1535,Oligodendroglioom,2
1536,Clue-rakud,2
1537,Gardnerella-laadsed,2
1538,Mobiluncus,2
1539,flebotromboos,2
1540,Affectio,2
1541,dors,2
1542,epistaks,1
1543,epistaxis,1
1544,vitro,1
1545,urogenitaaltrakti,1
1546,persistentse,1
1547,lümfadenopaatiana,1
1548,baker,1
1549,Vitrektoomiajärgne,1
1550,Hemokromatoos,1
1551,mittelschmerz,1
1552,Glomeerulite,1
1553,melliitdiabeedi,1
1554,e10-e14,1
1555,iiigoksendamine,1
1556,suulaemandlipõletik,1
1557,ahilleuse,1
1558,diffuusne,1
1559,Wegeneri,1
1560,granulomatoos,1
1561,lihtlihhen,1
1562,liigesfn,1
1563,Lymei,1
1564,Paige,1
1565,adenomatooshüperplaasia,1
1566,temporomandibulaarse,1
1567,kolangio- e,1
1568,quervain,1
1569,põlet,1
1570,müasteenia,1
1571,Tega,1
1572,seropos,1
1573,Lyme`i,1
1574,erikonstruktsioonig,1
1575,epidermoidt,1
1576,tarsaal-,1
1577,etmoidiit,1
1578,Hyperkeratosis,1
1579,hyperkeratosis,1
1580,keisrilõikesünnitu,1
1581,echinococcus,1
1582,granulosus,1
1583,subkortikaalne,1
1584,epilept,1
1585,sjögren,1
1586,Nummularis,1
1587,Thyroxinravil,1
1588,apendit,1
1589,amiantacea,1
1590,klassifitse,1
1591,allrgiline,1
1592,distorsio,1
1593,tietze,1
1594,Intradermaalne,1
1595,Méni,1
1596,re'i,1
1597,nahaseenhaigustused,1
1598,craquele,1
1599,dermatofütoos,1
1600,Düstooniate,1
1601,hüpokineesi,1
1602,treemoriga,1
1603,Pedum,1
1604,Hüpertensiivne,1
1605,M. Cravesi,1
1606,südamepuudulikkusegai,1
1607,Deskvamatiivne,1
1608,deskvamatiivne,1
1609,oligoartriit,1
1610,riskiast,1
1611,Klippeli-feili,1
1612,parafollikulaarne,1
1613,kyrle,1
1614,Hilistekkiline,1
1615,hilistekkiline,1
1616,erütrotsütoos,1
1617,Riskiaste2,1
1618,Caries,1
1619,secundaris,1
1620,riniidile,1
1621,Hüpereosinofiilne,1
1622,hüpereosinofiilne,1
1623,bronhioliit,1
1624,Bariaatr,1
1625,faecalis,1
1626,IOL-ga,1
1627,Morcher,1
1628,Panlaser,1
1629,riskigr,1
1630,Hyponatraemia,1
1631,lisarik,1
1632,tabl,1
1633,subileus,1
1634,paravertebraalse,1
1635,Lipoproteiiniainevahetuse,1
1636,lipideemiad,1
1637,Granuloom,1
1638,Mediastinumi,1
1639,mediastinumi,1
1640,medianuse,1
1641,stilli,1
1642,fiksatsiooniseadmete,1
1643,gonartr,1
1644,oligodendroglioma,1
1645,endopoteesitud,1
1646,PTaNoMo,1
1647,sisefiksatsiooni,1
1648,seadi,1
1649,iliotibiaaltrakti,1
1650,neuronopaatia,1
1651,kusep,1
1652,epiglotiit,1
1653,Dysplasticus,1
1654,dysplasticus,1
1655,distorsi,1
1656,Cordaronravi,1
1657,_Kolangio- e,1
1658,Koormusindutseeritav,1
1659,iliosakr,1
1660,cruciati,1
1661,parameniscalis,1
1662,tibiale,1
1663,spondylodesis,1
1664,Crohn,1
1665,Meni,1
1666,söögit,1
1667,errosioonid,1
1668,corticalis,1
1669,hüperparatüreoosiga,1
1670,intermitteeruva,1
1671,Sensibiliseerumine,1
1672,alopeetsia,1
1673,Kaltsitoniin,1
1674,artropaati,1
1675,Fere,1
1676,dopl,1
1677,probl,1
1678,fibroglandularis,1
1679,koronaaridele,1
1680,Torakaal,1
1681,astae,1
1682,uroinfektsioonid,1
1683,aorto,1
1684,bifemoralis,1
1685,Barreti,1
1686,ösofagiidiga,1
1687,diamniaalsed,1
1688,renarum,1
1689,bigeminus-tüüpi,1
1690,Rektotseele,1
1691,Posttrombootiline,1
1692,intermitteruv,1
1693,herpeetekseem,1
1694,herpeetiline,1
1695,Kaltsitoniini,1
1696,isotretinoiinist,1
1697,Isotretinoiinist,1
1698,südamepuudulikkusega2,1
1699,Fibrotsüstiliste,1
1700,C-PAPravi,1
1701,palatoskiis,1
1702,transitoorse,1
1703,naevus,1
1704,chronicus,1
1705,M.Addisoni,1
1706,dist-lt,1
1707,teenistu,1
1708,sünnit,1
1709,klassifitseerimat,1
1710,metastasibus,1
1711,sfenoidaalsinu,1
1712,sfenoidiit,1
1713,antrumis,1
1714,osseum,1
1715,steatohepatiit,1
1716,Ortostaatiline,1
1717,hiatus,1
1718,vateri,1
1719,lümfangiektaasia,1
1720,Laproskoopiline,1
1721,calculosa,1
1722,Traumatica,1
1723,empüeem,1
1724,thymoma,1
1725,Masaoka,1
1726,mediolateraalne,1
1727,peronei,1
1728,astrotsütoom,1
1729,multisegmentaarselt,1
1730,Failed,1
1731,back,1
1732,sklerodaktüülia,1
1733,Parkinson-plus,1
1734,neuroendokriinne,1
1735,talocruraris,1
1736,immuunmehhani,1
1737,sindroom,1
1738,maligna,1
1739,melanoma,1
1740,vulviit,1
1741,Tubotümpanaalne,1
1742,tubotümpanaalne,1
1743,cicatricis,1
1744,medulaarne,1
1745,pontotserebellaarpiirkonnas,1
1746,konj,1
1747,papillaarsus,1
1748,IIsõrme,1
1749,cricopharyngeuse,1
1750,laserd,1
1751,linea,1
1752,alba,1
1753,Atroof,1
1754,Intraduktaalne,1
1755,trisoomia,1
1756,phalangis,1
1757,pulmonaarhüpertensioon,1
1758,TÄpsustamata,1
1759,p_hjusega,1
1760,Trombofiilia,1
1761,Intradermaalsed,1
1762,pneumoskleroos,1
1763,Eucreas,1
1764,Starr,1
1765,rupturam,1
1766,extensoris,1
1767,Extrasystolia,1
1768,dislocatsione,1
1769,anerüsmi,1
1770,Parapatellaarne,1
1771,Erütematoosne,1
1772,bioprotee,1
1773,Laparotoomiahaava,1
1774,pT2N1aM0,1
1775,Tülootiline,1
1776,superior,1
1777,vitreoretinopaatia,1
1778,Amoxicillinile,1
1779,0isst,1
1780,fibula,1
1781,kolmikartrodees,1
1782,karnifikaat,1
1783,artr,1
1784,Inferoseptaalne,1
1785,günekomastia,1
1786,günek,1
1787,resorbeerumisfaasis,1
1788,arthropl,1
1789,supra-,1
1790,liigluustus,1
1791,anküloseeriv,1
1792,forestier,1
1793,Kopsutuberk,1
1794,kopsutuberk,1
1795,kombiantsioon,1
1796,Pseudokoliinesteraasi,1
1797,Spondüloplastika,1
1798,Mixtus,1
1799,rdikulopaatia,1
1800,purpura,1
1801,supressioon,1
1802,ingvinaalselt,1
1803,aPAP-,1
1804,multiloc,1
1805,klaudikatsioonita,1
1806,steatohepatiidile,1
1807,Osteochondritis,1
1808,dissecans,1
1809,osteomüeliidi,1
1810,cefalgia,1
1811,Bacillus,1
1812,stentitud,1
1813,osteoartrootilised,1
1814,dermatitis,1
1815,Subkliiniline,1
1816,radiojoodravi,1
1817,mittepolüpoosne,1
1818,heterosügootne,1
1819,verrucae,1
1820,Pingueculi,1
1821,põletic,1
1822,Akrofatsiaalne,1
1823,melasm,1
1824,Livial,1
1825,dilatatiivne,1
1826,müokardioskleroos,1
1827,beeta2,1
1828,eradikatsioon,1
1829,rotaatromanseti,1
1830,Thyrozol,1
1831,kõreglisarisk,1
1832,riskia,1
1833,reumokardiit,1
1834,lyme'i,1
1835,sphenoidalis,1
1836,Vitio,1
1837,aterosc,1
1838,Jeanine,1
1839,Yarina,1
1840,feokromotsütoom,1
1841,Tservikokraniaalne,1
1842,instabilitas,1
1843,fekaalinkontinentsiga,1
1844,hamiparees,1
1845,oris,1
1846,Neurofibromatoos,1
1847,Discogenes,1
1848,parietis,1
1849,abdominis,1
1850,2013-rattaga,1
1851,fassettartroos,1
1852,Gesytil,1
1853,Bakeri,1
1854,Artropaatia,1
1855,mikroduplikatsioon,1
1856,meridroos,1
1857,fixata,1
1858,ülikõrgelisaris,1
1859,möödukas,1
1860,Tachycardia,1
1861,medi,1
1862,Anaalsfinkteri,1
1863,Renaalne,1
1864,IIInsuff,1
1865,Ruptrura,1
1866,Cardiomegalia,1
1867,endoprotessimine,1
1868,Encephalopathia,1
1869,vascularis,1
1870,nefrostoom,1
1871,myoc,1
1872,sääreluumine,1
1873,tibiaalne,1
1874,ursiit,1
1875,pellegrini-stieda,1
1876,lobulaarkartsoom,1
1877,mesang,1
1878,proliferat,1
1879,glomerulonefriit,1
1880,Endo-,1
1881,eksokriinse,1
1882,cloaceae,1
1883,bulbuse,1
1884,Antifosfolipiidsündroomi,1
1885,nefroptoos,1
1886,dikoriaalsed,1
1887,Angina,1
1888,pectoris,1
1889,paraproteesfistli,1
1890,spast,1
1891,Endometroidne,1
1892,Coxae,1
1893,varfariiniga,1
1894,põlveTEP,1
1895,rigid,1
1896,Hypercholesterolaemia,1
1897,Düspigmentatsioon,1
1898,marevan-,1
1899,Conni,1
1900,C.Albicans,1
1901,adrenokortikaalne,1
1902,(-medullaarne,1
1903,hüpofunktsioon,1
1904,Holter-monitooringul,1
1905,carpalis,1
1906,Verrucae,1
1907,erütrasm,1
1908,mitraal-,1
1909,anam,1
1910,Polüartropaatia,1
1911,sfinkteri,1
1912,torakolumbaalosas,1
1913,sinistroscoliosis,1
1914,subendok,1
1915,ehhoKG,1
1916,rePTKA,1
1917,DS2-Vasc,1
1918,Stylalgia,1
1919,Arthrasis,1
1920,acromioclavikularis,1
1921,cholecystektoomiam21,1
1922,kaltsifikaadid,1
1923,fibrootilised,1
1924,bilater-lt,1
1925,Hüsterektoomia,1
1926,Helicobakter,1
1927,paroksüsmalis,1
1928,Choroidea,1
1929,Fassettliigestes,1
1930,Thoracic,1
1931,outlet,1
1932,Konduktiivne,1
1933,Iastme,1
1934,obliterans,1
1935,balloondilatats,1
1936,niudearteris05,1
1937,organkahjustsuII,1
1938,Haematomata,1
1939,Sapien3,1
1940,ekstrasüstooliale,1
1941,Artephakia,1
1942,Hyalohyperplasia,1
1943,Ösofagiit,1
1944,gastro-ösofageaalse,1
1945,neuromuskulaarne,1
1946,düsfun,1
1947,dissemineerunud,1
1948,subarahn,1
1949,hemorr,1
1950,Bilater,1
1951,Periartritis,1
1952,scapul,1
1953,L-thyroxinravi,1
1954,paroksüsmidena,1
1955,anartria,1
1956,Fazekas,1
1957,L-Thyroxin-ravi,1
1958,krüoteraapia,1
1959,arachnoidalis,1
1960,tempor,1
1961,Bakery,1
1962,mediast,1
1963,teenist,1
1964,tegevuseg,1
1965,inhebd,1
1966,lais,1
1967,lumboishialgia,1
1968,Eibrilatio,1
1969,Cordaron,1
1970,papillae,1
1971,carotidis,1
1972,ellitus,1
1973,hypertensivus,1
1974,card,1
1975,Spiegeli,1
1976,konkomitantne,1
1977,strab,1
1978,Mükoplasmapneumoonia,1
1979,Hüperplaasia,1
1980,pares,1
1981,apicalis,1
1982,intrauterina,1
1983,fibromat,1
1984,Aphasia,1
1985,motorica,1
1986,ekstraforaminaalne,1
1987,Põlvekedraeesne,1
1988,limapaunap,1
1989,Mitte-hodgkini,1
1990,epidermoidtsüst,1
1991,38sept,1
1992,negativa,1
1993,persisteertiv,1
1994,calcaneonavicualr,1
1995,evigastus,1
1996,recurrens,1
1997,Eruptio,1
1998,cutanea,1
1999,generalisata,1
2000,medicamentis,1
2001,Amocicillini,1
2002,Mai2009,1
2003,pre-B,1
2004,4ac1c1PER,1
2005,Trepidatio,1
2006,ahilleu,1
2007,Myofascialgia,1
2008,Child,1
2009,cerebr,1
2010,Degen,1
2011,Subiileus,1
2012,varustualal,1
2013,Generalisata,1
2014,exacerbata,1
2015,püelonefriit,1
2016,Madikament,1
2017,munasarjatsü,1
2018,Hemiartroplastika,1
2019,Hantaviirus,1
2020,esubluksatsioon,1
2021,traktsiooni- e,1
2022,tõmbei,1
2023,verdumine,1
2024,sactosalpinx,1
2025,12-A11-Õlavarreluu,1
2026,diafüsaalse,1
2027,ventralis,1
2028,cicatrix,1
2029,iscaemica,1
2030,Bradüarütmia,1
2031,cystica,1
2032,lymphocytica,1
2033,eostumis,1
2034,partusi,1
2035,atri,1
2036,Sinistri,1
2037,tuhars,1
2038,eisu,1
2039,persistens->,1
2040,spinaals,1
2041,Mycoplasmate,1
2042,phasi,1
2043,resorptiva,1
2044,interstinalis,1
2045,Metrorrhagia,1
2046,hulgisõ,1
2047,Carcinima,1
2048,Pseudomembranoosne,1
2049,adhesiiv,1
2050,Vasemla,1
2051,endometrioomid,1
2052,genitaalendometrioosi,1
2053,kardioembooliline,1
2054,seropositiivsed,1
2055,Paravertebraalne,1
2056,Hulgimetastaasidega,1
2057,hemihüpesteesia,1
2058,bronciale,1
2059,Pleuropneumonia,1
2060,labrii,1
2061,gelon,1
2062,humer,1
2063,Neurinoma,1
2064,accustici,1
2065,bradüfrekventne,1
2066,restendid,1
2067,anaplasticum,1
2068,Intoxicatio,1
2069,Gangraena,1
2070,flexurae,1
2071,Kommisurot,1
2072,aterotromboosist,1
2073,Fistula,1
2074,pararectalis,1
2075,mittehüdatidoosmool,1
2076,mullheidikgrav,1
2077,bradükardia,1
2078,endoprosthesis,1
2079,DeBakey,1
2080,kasvaja-mts-d,1
2081,Tahhüfrekventne,1
2082,Tservikaalne,1
2083,müelopaatia,1
2084,Amputatio,1
2085,Plica,1
2086,epidermoidse,1
2087,malignisatsioon,1
2088,Devic,1
2089,pT3N3aM0,1
2090,ovaricasse,1
2091,hereditaarse,1
2092,angioödeemi,1
2093,tenui,1
2094,Mutsinoosne,1
2095,fronto,1
2096,Intratserebralne,1
2097,Vestibulopathia,1
2098,humerus,1
2099,ulna,1
2100,Segmentaarne,1
2101,amüotroofia,1
2102,Pyelonephritis,1
2103,spinotserebellaarne,1
2104,morfea,1
2105,epithelii,1
2106,high-grade,1
2107,Cerclage,1
2108,modo,1
2109,mcDonaldi,1
2110,a-CCP,1
2111,pankreatobiliaarne,1
2112,M. Paget,1
2113,intrakutaanne,1
2114,eemise,1
2115,kollaskehatsüsti,1
2116,ruptureerumine,1
2117,tendines,1
2118,flexores,1
2119,profundes,1
2120,digitorum,1
2121,antiepileptikumid,1
2122,sedatiiv-hüpnootilised,1
2123,Artroplastika,1
2124,mandibulae,1
2125,Uroteliaalne,1
2126,Grade,1
2127,Neurodermatitis,1
2128,ägenemiseagse,1
2129,hüpokseemiaga,1
2130,bronhiektaasidega,1
2131,aerogenes,1
2132,kateeterablatsioonil,1
2133,femoro-,1
2134,popliteaalne,1
2135,jugularis,1
2136,Albuminuuria,1
2137,hemoraagia,1
2138,recediva,1
2139,seroosa,1
2140,parameetriumi,1
2141,müomeetriumi,1
2142,Endoproteesimine,1
2143,Müelopaatia,1
2144,intrahepaatiline,1
2145,subluxationem,1
2146,Myeloma,1
2147,trombolüüs,1
2148,tormbektoomia,1
2149,dmneisk,1
2150,septumi,1
2151,Iatrogeenne,1
2152,transtorakaalse,1
2153,iitparempoolne,1
2154,polüpoosne,1
2155,Citrobacter,1
2156,freundii,1
2157,maltophilia,1
2158,endoprotesis,1
2159,Hemodünaamiliselt,1
2160,kardioembolism,1
2161,gramnegatiivsete,1
2162,Baktereemia,1
2163,Diffusa,1
2164,stat,1
2165,placenta,1
2166,incretale,1
2167,Chalmydia,1
2168,mesenteriaalsele,1
2169,Divertikli,1
2170,intramuraalses,1
2171,Enterocolitis,1
2172,medialise,1
2173,Enterocele,1
2174,rectocele,1
2175,septaaklne,1
2176,Fract,1
2177,vertebrae,1
2178,trimalleolaarne,1
2179,epikutaantestid,1
2180,Juveniilne,1
2181,S.Aureus,1
2182,maltophila,1
2183,Parenhüümi,1
2184,papillaris,1
2185,parahilaris,1
2186,neoadjuvantset,1
2187,kemoradiatsiooni,1
2188,ekstragonadaalne,1
2189,Tprimaarne,1
2190,mediastinaalne,1
2191,inferkt,1
2192,tetrapaerrs,1
2193,transitoorne,1
2194,Basilaararteri,1
2195,Parkinsonistlik,1
2196,antipsühhootikumid,1
2197,haloperidool,1
2198,graviditas,1
2199,hebdominis,1
2200,Angigeen,1
2201,Femuroatsetabulaarne,1
2202,radikulolüüsiga,1
2203,resektsioonijooned,1
2204,parkinsonism,1
2205,kortikobasaalne,1
2206,glomerulaarsele,1
2207,hüdrops,1
2208,hebd21,1
2209,anterosept,1
2210,Psoriasiformne,1
2211,opioidid,1
2212,retinopatia,1
2213,hematoperitoneum,1
2214,artrodeesinaela,1
2215,acetabuli,1
2216,vertebro-basilaarsüsteemis,1
2217,Arthrodesis,1
2218,düsfaagia,1
2219,sternoklavikulaarliigese,1
2220,reiearetrite,1
2221,neomütsiin,1
2222,macular,1
2223,praepyloricum,1
2224,haemorrhagiam,1
2225,koronarograafias,1
2226,lesioonid,1
2227,essentsiaalne,1
2228,H. Pylori,1
2229,I. Grav,1
2230,Divertikuliit,1
2231,divertiikli,1
2232,koloniseerumine,1
2233,biliaarsele,1
2234,parvocellulare,1
2235,türeotoksikoosi,1
2236,submukoosne,1
2237,Bakey,1
2238,anteroluksatsioon,1
2239,pertroch,1
2240,Antrektoomia,1
2241,urtikariaalse,1
2242,Hurley,1
2243,inguinaalselt,1
2244,Helerakk-kartsinom,1
2245,Fuhrman,1
2246,cardiale,1
2247,Kellgreni,1
2248,retroperitoneaalselt,1
2249,Frpertoch,1
2250,MT1-Neurovaskulaarset,1
2251,Eksokriinne,1
2252,Rupturae,1
2253,infekstioon,1
2254,divertiikuli,1
2255,duodeenumisse,1
2256,basis,1
2257,metacarpalis,1
2258,kinnin,1
2259,colloidea,1
2260,Vimalik,1
2261,taloccruralis,1
2262,nephrolithiasis,1
2263,MT1-neurovaskulaarset,1
2264,südamehaigus8,1
2265,aeruginosae,1
2266,reabatio,1
2267,diarröa,1
2268,tsöliaakiale,1
2269,clavicula,1
2270,ektoopilist,1
2271,Aksillaarne,1
2272,hüperhidroos,1
2273,Guyoni,1
2274,klebsiella,1
2275,koronaaride,1
2276,Angio-ct-,1
2277,tuberkuloom,1
2278,Guttata,1
2279,gastriin,1
2280,Spinotserebellaarne,1
2281,seroom,1
2282,vasopaatia,1
2283,vesicae,1
2284,urinariae,1
2285,Ajukontusioon,1
2286,vaaganaluude,1
2287,femoropatellaarpiirkonnas,1
2288,hempiparees,1
2289,Endoskoopilise,1
2290,Patella,1
2291,vaskulopaatia,1
2292,endometrioom,1
2293,müelodüsplaasia,1
2294,eksemiididega,1
2295,Mediolateraalne,1
2296,Hinchey,1
2297,junii,1
2298,sünoviaaltsüstist,1
2299,abcessus,1
2300,Peritoneaaldialüüsist,1
2301,korrigeerunud,1
2302,Trombolüüsitud,1
2303,pancretis,1
2304,konstipatsioon,1
2305,aJUSISENE,1
2306,alcocholica,1
2307,bradükardiline,1
2308,Teadvusshäire,1
2309,parenhüümi,1
2310,trikuspidaalklapil,1
2311,kompressionmurd,1
2312,Baumannii,1
2313,2010a--,1
2314,trombembooliline,1
2315,proksimaalosa,1
2316,scaphoidei,1
2317,divertikuliit,1
2318,Pharyngitis,1
2319,Erysipeles,1
2320,denegeratsioon,1
2321,polüartralgia,1
2322,gonarthrosis,1
2323,suspecta,1
2324,Hilistekkene,1
2325,eosinofiiliaga,1
2326,Leukotsütoklastiline,1
2327,Kolostoomi,1
2328,reiearteeri,1
2329,mammosomatotroopne,1
2330,cT3a,1
2331,Diclac,1
2332,peronealis,1
2333,Peristeeriv,1
2334,by-bass,1
2335,pertrohhanteerne,1
2336,Partis,1
2337,Candidotica,1
2338,ravimindutseeritud-,1
2339,sunitiniib,1
2340,hemisfääri,1
2341,spinaalse,1
2342,Myomae,1
2343,dehistents,1
2344,kartsinomatoos,1
2345,mesenterica,1
2346,superioris,1
2347,endarterectomiam,1
2348,rheumatoides,1
2349,bronchi,1
2350,pulmonis,1
2351,Radiculoptahia,1
2352,vertebralis,1
2353,osteopor,1
2354,rasedus-graviditas,1
2355,iintramuralis,1
2356,arteria,1
2357,Pilonidaaltsüst,1
2358,Trombolüüs,1
2359,membrorum,1
2360,infriorum,1
2361,ulcere,1
2362,reesus-isoimmunisatsiooni,1
2363,polümüalgiaga,1
2364,Arteritis,1
2365,temporalis,1
2366,<inf  D>,1
2367,ajauarteri,1
2368,oklusioonist,1
2369,Syncope,1
2370,Ajukommotsioon,1
2371,gonart,1
2372,Vertiigo,1
2373,metrorrhagia,1
2374,alajsemete,1
2375,telgsuse,1
2376,Fluidotorax,1
2377,kond,1
2378,ristatiside,1
2379,kardiovaskula,1
2380,sündesmoosi,1
2381,delt,1
2382,sigmae,1
2383,regurgitatsiooniga,1
2384,Hiliselagusega,1
2385,Pseudotumor,1
2386,cephalgia,1
2387,fistulae,1
2388,reumatidartriit,1
2389,Hepatitis,1
2390,Hepatosis,1
2391,Subskapulaarlihase,1
2392,Neurinoom,1
2393,rinolaalia,1
2394,rinofoonia,1
2395,hypernasality,1
2396,hyponasality,1
2397,wheezing,1
2398,Stridoroosne,1
2399,stridor,1
2400,Hemihüpertroofia,1
2401,tubo-,1
2402,vasoplastika,1
2403,kondüül,1
2404,dekongestandist,1
2405,mitraal,1
2406,Nuvaring,1
2407,Hamartoomid,1
2408,hamartoomid,1
2409,intersektsionaalsele,1
2410,reumokardioskleroos,1
2411,Fassett,1
2412,Liitneevus,1
2413,eessseina,1
2414,Impetiigo,1
2415,paikmes,1
2416,Keratokoonus,1
2417,artralgia,1
2418,Neevused,1
2419,bulbust,1
2420,2000op,1
2421,hematosalpinx,1
2422,rigeminuse,1
2423,atreroomi,1
2424,postmenopausaalne,1
2425,Elongatio,1
2426,bakterio,1
2427,Spondülogeensed,1
2428,sklerot,1
2429,tumori,1
2430,toksoplasmootilised,1
2431,radikulopaatiata,1
2432,tenolüüs,1
2433,südameramitest,1
2434,parvoviirus,1
2435,Solaar,1
2436,lentiigo,1
2437,lisari,1
2438,Sünkoopieelne,1
2439,türeodiit,1
2440,seroos-papillarne,1
2441,tsüstadenokartsinoom,1
2442,climax,1
2443,Riniidist,1
2444,Luukasvis,1
2445,osteofüüt,1
2446,olecranon,1
2447,amiodaroonravi,1
2448,parotis,1
2449,plantaarkõõlused,1
2450,rekoarktatsioon,1
2451,nekrobioos,1
2452,prolif,1
2453,hüperkeratootilist,1
2454,staaduim,1
2455,Proktosigmoidiit,1
2456,degneratiivne,1
2457,Lubistunud,1
2458,masseteri,1
2459,Vitrektomeeritud,1
2460,glükokortikoidravi,1
2461,Multiipelne,1
2462,lobektomia,1
2463,Ca19-9,1
2464,Macula,1
2465,radikaalop-i,1
2466,ulcus,1
2467,faas1,1
2468,op-d,1
2469,Dystropha,1
2470,hemianopsiaga,1
2471,busiit,1
2472,Incipiens,1
2473,shoulder,1
2474,axillarise,1
2475,diafragmalis,1
2476,hüpostaas- e,1
2477,allseiskuspneumoonia,1
2478,periartriit,1
2479,jalag,1
2480,postinfarctidem,1
2481,Skrootumil,1
2482,skrootumil,1
2483,radikulaarsel,1
2484,mani,1
2485,luxatio,1
2486,inflammatione,1
2487,Preprolif,1
2488,vocalis,1
2489,antenataalne,1
2490,verrucosae,1
2491,Aerofaagia,1
2492,ödeem,1
2493,chirurgici,1
2494,herilaemürgile,1
2495,Mitespetsiifiline,1
2496,kaenlaalusi,1
2497,hüpolaktaasiale,1
2498,ekskoriatsioonid,1
2499,mania,1
2500,Düsplastil,1
2501,Leucoplacia,1
2502,hist,1
2503,Salpingectomia,1
2504,cavitas,1
2505,glenoidalis,1
2506,portio,1
2507,jugulaarveen,1
2508,radiaalkanli,1
2509,Manuum,1
2510,menstr,1
2511,astigm,1
2512,ovariid,1
2513,Artgralgia,1
2514,elevats,1
2515,holteris,1
2516,tursiidiga,1
2517,Sinistroskolioos,1
2518,Exstirpatio,1
2519,Kapilaarsed,1
2520,Siinusbradükardia,1
2521,Gonarthrosi,1
2522,Tsüstotseele,1
2523,molluscum,1
2524,tympanoplasticam,1
2525,Cephalgid,1
2526,osaGIST,1
2527,maliigne,1
2528,disten,1
2529,Bimalleolaarme,1
2530,Tuberkuloom,1
2531,asmale,1
2532,kahtl,1
2533,erioloogiaga,1
2534,cervic,1
2535,pitsumis,1
2536,Iinfert,1
2537,NimmepiirkondL5,1
2538,paikmed,1
2539,mediastiinumis,1
2540,põlvekedraeesne,1
2541,Burkitti,1
2542,typco,1
2543,persistene,1
2544,retrosternaalsele,1
2545,Takayasu,1
2546,surditas,1
2547,protrusio,1
2548,hiliiges,1
2549,Keratokonj,1
2550,H.Pylori,1
2551,Tagasenal,1
2552,funduses,1
2553,biciptis,1
2554,prepatellaris,1
2555,Vestibulaarne,1
2556,vestibulaarne,1
2557,Achillis,1
2558,tsükliit,1
2559,Funktionaalne,1
2560,antrumgastriit,1
2561,IM-ga,1
2562,Necrobiosis,1
2563,lipoidica,1
2564,Staasekseem,1
2565,Lobectomia,1
2566,Allerg,1
2567,aksillaarjoonel,1
2568,Hüpolaktaasia,1
2569,truncus,1
2570,coeliacuse,1
2571,nuclearis,1
2572,tyqladae,1
2573,fastsiit,1
2574,ubmukoosene,1
2575,longii,1
2576,Osteoproosi,1
2577,anterolisteesi,1
2578,Pingveekul,1
2579,postoperata,1
2580,rotatoorne,1
2581,pTis,1
2582,sclerosis,1
2583,Lümfoplasmatsütaarne,1
2584,mukoidtsüsti,1
2585,itud,1
2586,Silgardiga,1
2587,läodätse,1
2588,plstika,1
2589,perimandibulaarsel,1
2590,avhemikusa,1
2591,Iaste,1
2592,divertiiklid,1
2593,Esmya,1
2594,Hordeool,1
2595,Tsüto,1
2596,Herpeetiline,1
2597,Akneiformne,1
2598,L-Thyroxinravi,1
2599,Nefropathia,1
2600,diabetica,1
2601,makroangiopaatia,1
2602,Ivpul,1
2603,Paikmed,1
2604,1pul,1
2605,Tubulaarsed,1
2606,rektumist,1
2607,distorsionem,1
2608,LASIKu,1
2609,Cerazette,1
2610,artroskoopiajärgne,1
2611,neuropaatilise,1
2612,Konsiatsioonijärgne,1
2613,trohhanterite,1
2614,Alzheimeri,1
2615,Cervicitis,1
2616,comp,1
2617,fibroepiteliaalne,1
2618,Prot,1
2619,foonilosaliselt,1
2620,subendokardialis,1
2621,obstrukstioon,1
2622,Lymphohaemangioma,1
2623,Erütrotsütuuria,1
2624,mukopurulentne,1
2625,operationem,1
2626,allerga,1
2627,triqutraalne,1
2628,dislokatsiooiga,1
2629,ehhinokokkoos,1
2630,Meningioma,1
2631,parietalis,1
2632,frontiit,1
2633,polypi,1
2634,Südamerütmuri,1
2635,kordusop,1
2636,nimmespondüloos,1
2637,Lumbaalosas,1
2638,Lumbaalne,1
2639,mastiit,1
2640,Reed`i,1
2641,endomeetriumipolüübile,1
2642,Ostiofolliculitis,1
2643,ostiofolliculitis,1
2644,Chiari,1
2645,mensiki,1
2646,triopaatia,1
2647,processus,1
2648,vitrei,1
2649,ektüümid,1
2650,pyoderma,1
2651,ganrgenosum,1
2652,kutus,1
2653,trabeculectomia,1
2654,Amputatsiooniga,1
2655,otiidijärgne,1
2656,perfo,1
2657,Mukotseele,1
2658,mukotseele,1
2659,membranectomia,1
2660,Delle,1
2661,Niuderatreite,1
2662,Irvine-GAss,1
2663,hüpertüreoosile,1
2664,Ovariaalne,1
2665,ANkle,1
2666,noncpecified,1
2667,arthitis,1
2668,rotator,1
2669,cuffi,1
2670,Mitraa-,1
2671,Contusi,1
2672,kroonilse,1
2673,Spondülolistees,1
2674,Pankreatogeenne,1
2675,Alveolitis,1
2676,monoklonaalne,1
2677,gammopaatia,1
2678,tibialise,1
2679,diploopiaga,1
2680,isotiasolinoonid,1
2681,kolofoonium,1
2682,medullaarsele,1
2683,osteopeeniale,1
2684,amiodaron,1
2685,Ca-125,1
2686,kaltsifitseeruv,1
2687,Imidasooldinüüluurea,1
2688,Urachnus,1
2689,fistula,1
2690,Arcus,1
2691,senilis,1
2692,musculus,1
2693,C-TParemal,1
2694,tibia,1
2695,glenohumeralis,1
2696,Karpaalakanali,1
2697,riksiaste,1
2698,hemorragia,1
2699,Hyposphagma,1
2700,kolpitis,1
2701,kaltsifikaat,1
2702,radicis,1
2703,linquae,1
2704,mittesteroidsed,1
2705,Uroinf,1
2706,cardial,1
2707,flex,1
2708,ekspans,1
2709,subscapularise,1
2710,myopic,1
2711,limasmädane,1
2712,kolmpealihas,1
2713,essentiaale,1
2714,Astenopia,1
2715,colon,1
2716,transvers,1
2717,proksimaalne,1
2718,Tservikaaldiski,1
2719,Vertebrogeensed,1
2720,atoopiline,1
2721,vasomotoorse,1
2722,tromemboolia,1
2723,oslaine,1
2724,ateroom,1
2725,Retrospondylolistesis,1
2726,lisalingudega,1
2727,karnifikatsioon,1
2728,Sukliiniline,1
2729,hüpertüroos,1
2730,epicondylitis,1
2731,amblyopia,1
2732,L-Thyroxini,1
2733,Nugenti,1
2734,Gardnerella,1
2735,trimmaleolaris,1
2736,riniidiga,1
2737,interkostaalneuralgiale,1
2738,parapneumooniline,1
2739,sümptomaatil,1
2740,epil,1
2741,perinaeelamembraani,1
2742,stenosis,1
2743,Dupuytren,1
2744,Exacerb,1
2745,milgammale,1
2746,Neuriborrelioosijärgne,1
2747,ninalimas,1
2748,Fascithis,1
2749,fibroadenoom,1
2750,superfic,1
2751,veenikl,1
2752,Hemorroidektoomia,1
2753,Perostitis,1
2754,Trisomia,1
2755,mitteodontogeensed,1
2756,türeoglossaalne,1
2757,pseudoanterolistees,1
2758,Vestibulitis,1
2759,nasi,1
2760,düsplaasiale,1
2761,Basalioom,1
2762,Haemophilus,1
2763,kranialgia,1
2764,Bitemporaalne,1
2765,tüsistusod,1
2766,Erütrotsütopeenia,1
2767,erütrotsütopeenia,1
2768,piirkonans,1
2769,persiteeriv,1
2770,Thyroxinile,1
2771,trabe,1
2772,tserebellaarataksia,1
2773,vertebrogeense,1
2774,hüpomelanoos,1
2775,lentiigod,1
2776,ephelides,1
2777,Taustretinopaatoa,1
2778,IIIa,1
2779,sarkoidoosile,1
2780,koleteroolid,1
2781,LDL-koleterool,1
2782,follikuliiit,1
2783,Seborroiline,1
2784,Fibroadenoomid,1
2785,postoperativa,1
2786,auris,1
2787,lasionem,1
2788,Presbyopia,1
2789,Incontinentia,1
2790,Syringomyelia,1
2791,cervico-thoracalis,1
2792,reiekontusioon,1
2793,Tümpanoplastikajärgne,1
2794,õlavõõtmel,1
2795,Diafragmalis,1
2796,Elektroaphtalmia,1
2797,sfinceri,1
2798,sfincterolevatoroplastica,1
2799,Pöiall,1
2800,marginis,1
2801,radiculpathia,1
2802,Reiteri,1
2803,Balanopostiit,1
2804,luki-eesnahapõletik,1
2805,osteoporotica,1
2806,bimalleolaarne,1
2807,thoarcicus,1
2808,longuse,1
2809,operatsionem,1
2810,vaigatsus,1
2811,avseas,1
2812,Rasedusödeem,1
2813,hemangioomi,1
2814,Ovarii,1
2815,Scimitari,1
2816,arthrosis,1
2817,partis,1
2818,ragaad,1
2819,labialis,1
2820,3soone,1
2821,perikontseptsioni,1
2822,ölavöötme,1
2823,elastograafia,1
2824,Spitsoidseks,1
2825,spitsoidseks,1
2826,Chondropathiae,1
2827,Retensioon,1
2828,amenorrhea,1
2829,conj,1
2830,Mõlem,1
2831,lichenoides,1
2832,radiculopathia,1
2833,Hulgimüeloom,1
2834,subtotaalne,1
2835,amputatsioonijärgne,1
2836,Cordaroni,1
2837,Akustilis-gnostiline,1
2838,mentruaaltsükli,1
2839,kkäigus,1
2840,Fibroadenomata,1
2841,ventrik,1
2842,ekstras,1
2843,ESS-Mirena,1
2844,Amissio,1
2845,dentium,1
2846,Jatrogeenne,1
2847,jatrogeenne,1
2848,Medikam,1
2849,joodindutseeritud,1
2850,Fastum,1
2851,Spondüloos,1
2852,Alalsagar,1
2853,Serratia,1
2854,marcescens,1
2855,artropaatiline,1
2856,fibrotsüstilised,1
2857,Mittesekreteeriv,1
2858,mittesekreteeriv,1
2859,Saktosalpinks,1
2860,nasofarüngiit,1
2861,Menstr,1
2862,Hulgiliigeste,1
2863,Endom,1
2864,puusaabduktorid,1
2865,Papillaarse,1
2866,mikrosfärotsütaarne,1
2867,Reumatol,1
2868,Kateeterablatsioon,1
2869,Acyclovirile,1
2870,Primarne,1
2871,Barretti,1
2872,sataus,1
2873,cardia,1
2874,veritus,1
2875,triquetraalliigesel,1
2876,ülikõrgelisari,1
2877,Enterokoliit,1
2878,atopica,1
2879,neurilemmoma,1
2880,müokardiinfarktz,1
2881,carp,1
2882,Oesophagitis,1
2883,sympthomatica,1
2884,Plexuse,1
2885,Monoplegia,1
2886,intraduktaalsed,1
2887,papillaarsed,1
2888,proliferaadid,1
2889,vasemp,1
2890,südroom,1
2891,infertilitas,1
2892,kõõlusepõlet,1
2893,posterioorne,1
2894,subkapsulaarne,1
2895,daktüliit,1
2896,Düsbakterioos,1
2897,Hüperinsulineemia,1
2898,Rhinophyma,1
2899,rhinophyma,1
2900,abstsedeerunud,1
2901,Vasakull,1
2902,Hüpergonadotroopne,1
2903,hüpogonadism,1
2904,Kaltsifikaadid,1
2905,pankreatogeenne,1
2906,Hüsteroskoopia,1
2907,submukoosse,1
2908,Müksoidne,1
2909,oliD,1
2910,metatarsaalluu,1
2911,duplikatsioon,1
2912,fimoos,1
2913,coxa,1
2914,pahaloomususele,1
2915,Rektumis,1
2916,adenomatoosne,1
2917,submukoosele,1
2918,5382insC,1
2919,aC-PAP,1
2920,Subakromiaalne,1
2921,otoskleroosile,1
2922,Emakalea,1
2923,Subluxatio,1
2924,patella,1
2925,tagumin,1
2926,Parapelvikaalsed,1
2927,Rektumi,1
2928,adenocarcinoma,1
2929,hüpofüüsi,1
2930,Rovamycini,1
2931,sügelemin,1
2932,Hamartoom,1
2933,iliopsoas,1
2934,ektoopilise,1
2935,salpingostoomia,1
2936,pseudomelanoos,1
2937,plantaarkõõlus,1
2938,retensiooniga,1
2939,ÖRneg,1
2940,PRneg,1
2941,retensioonitsüst,1
2942,aplaasia,1
2943,anhüdramnion,1
2944,Fibroostsüstilised,1
2945,accesoy,1
2946,metatarsaalliiges,1
2947,borderline,1
2948,temporormandibulaarliiges,1
2949,compensata,1
2950,subretinaalne,1
2951,lattice,1
2952,operatcionem,1
2953,Radic,1
2954,discog,1
2955,Coxa,1
2956,Infertil,1
2957,Vaskuliit,1
2958,Akroparestesia,1
2959,Empüeem,1
2960,Alzhemeri,1
2961,traum,1
2962,CHARCOT-MARIE-TOOTHi,1
2963,autosoom-dominantne,1
2964,analü,1
2965,Vasomotoorne,1
2966,Vertigo,1
2967,Meniére,1
2968,Sinineevus,1
2969,Düshidrootiline,1
2970,Alopecia,1
2971,capsulae,1
2972,laesio,1
2973,neurofibromatoos,1
2974,Odex,1
2975,Ureaplasma,1
2976,parvum,1
2977,Perinataalse,1
2978,perinataalse,1
2979,vert,1
2980,düsplaasiast,1
2981,Dors,1
2982,otoskleroos,1
2983,Activelle,1
2984,temporomand,1
2985,abortum,1
2986,rekirrentne,1
2987,Sfenoid,1
2988,vasdak,1
2989,Monomorfne,1
2990,laminektoomiajärgne,1
2991,Diskogeenne,1
2992,Hantaa,1
2993,Colpopexia,1
2994,Uretropexia,1
2995,TVT-o,1
2996,piriformis,1
2997,Solarne,1
2998,mehhaanili,1
2999,hematometra,1
3000,dikoriaalne,1
3001,diamniaalne,1
3002,humeroskap,1
3003,metüülkloroisotiasolinoon,1
3004,Entamoeba,1
3005,Granuloma,1
3006,migrans,1
3007,Seroquel,1
3008,adneksideta,1
3009,tatud,1
3010,climacterica,1
3011,Hemiparees,1
3012,klapprutuus,1
3013,hüppeliiegs,1
3014,femoropatellaris,1
3015,actinica,1
3016,PostLASIK,1
3017,Rectocele,1
3018,Exfoliat,1
3019,bilateraalelst,1
3020,insitu,1
3021,infraventr,1
3022,anteriooorne,1
3023,condylitis,1
3024,radikulopaatiaga-L5,1
3025,hüpalgeesia,1
3026,hüpesteesia,1
3027,Allrgia,1
3028,oidaaldegeneratsioon,1
3029,Hüpofüüsi,1
3030,verdumise,1
3031,paresteesiatega,1
3032,valusündr,1
3033,polycystici,1
3034,Kahltus,1
3035,meetria,1
3036,Larüngospasm,1
3037,ventoliinile,1
3038,Symptomatica,1
3039,testikulaarne,1
3040,sümtomitega,1
3041,toonilis-kloonilste,1
3042,Chlam,1
3043,Pneum,1
3044,luksatsS83,1
3045,varusartroos,1
3046,Pingueculad,1
3047,Neutrofiilne,1
3048,pegINF,1
3049,Lamellaarne,1
3050,cordaronest,1
3051,kolposkoopia,1
3052,hallux,1
3053,sidem,1
3054,insufficients,1
3055,Achilleuse,1
3056,peritendinopaatia,1
3057,Inastabiltas,1
3058,elongeerunud,1
3059,Düsfunktsioon,1
3060,fibrolipoom,1
3061,turcica,1
3062,Pucker,1
3063,foveošiis,1
3064,stromaalne,1
3065,epididüümise,1
3066,Sarkoidoosi,1
3067,assatal,1
3068,urtikaaria,1
3069,Tubaarne,1
3070,tserebellaarse,1
3071,Mitteprol,1
3072,Fluidothorax,1
3073,düsplastiline,1
3074,GHA2DS2Vasc,1
3075,galaktorröata,1
3076,metatarsalgia,1
3077,myomatosus,1
3078,haamervaravs,1
3079,Infet,1
3080,Bekteriaalne,1
3081,papilliferum,1
3082,varietas,1
3083,follicularis,1
3084,demüeliniseerivale,1
3085,Intermitteeruv,1
3086,aserinae,1
3087,supraventr,1
3088,gonaroos,1
3089,hulgiliigesepõletik,1
3090,polüartropaatia,1
3091,planusele,1
3092,laceratum,1
3093,Paemal,1
3094,Cordaronist,1
3095,Bifastsikulaarblokaad,1
3096,funkt,1
3097,BBS-ga,1
3098,Laktoositaluvustesti,1
3099,lipoma,1
3100,pelvis,1
3101,skleorseeriv,1
3102,Allergica,1
3103,endometrioidne,1
3104,Peritendiniit,1
3105,Premenopaus,1
3106,Fibroepiteliaalne,1
3107,Dermatis,1
3108,insecta,1
3109,invaginatsioonist,1
3110,inkontinentsiga,1
3111,nerinoom,1
3112,karotiidarterianeurüsm,1
3113,proliferatiivne,1
3114,parotise,1
3115,Instabiliats,1
3116,posttarumatica,1
3117,Osteoporosis,1
3118,põskkkopas,1
3119,suuaftid,1
3120,Tserebellaarse,1
3121,l-thyroxinist,1
3122,Protrahheeritud,1
3123,kondüliit,1
3124,Fibroplastiline,1
3125,adhesiivne,1
3126,Pareml,1
3127,Guillaini-barré,1
3128,glenohumerale,1
3129,symptomatica,1
3130,ogankahjustus,1
3131,pect,1
3132,majuse,1
3133,osalinevigastus,1
3134,Glauc,1
3135,puudulikkus3,1
3136,Abdominaalne,1
3137,hüsterktoomia,1
3138,proliferativa,1
3139,Postoperativa,1
3140,Köhavariantse,1
3141,köhavariantse,1
3142,Corporis,1
3143,thyreoideae,1
3144,Crile,1
3145,funct,1
3146,collateraleis,1
3147,Peyronie,1
3148,mitteneurogeenne,1
3149,transudatiivne,1
3150,mõlempoolne,1
3151,basalioom,1
3152,Rindkerekontusioon,1
3153,subluksatsioon,1
3154,conisatio,1
3155,uveiit,1
3156,Täpsutamata,1
3157,fascia,1
3158,Monomorfsed,1
3159,Metforal,1
3160,okulaarne,1
3161,Emakakela,1
3162,endometrioosi,1
3163,düsuuria,1
3164,abik,1
3165,Prolif,1
3166,vitrektomeeritud,1
3167,inferolateralis,1
3168,tarsaalsel,1
3169,duktaalkartsinoomG2,1
3170,HER2skoor1,1
3171,Regionis,1
3172,buccae,1
3173,Hepatogestosis,1
3174,facialise,1
3175,inquinalis,1
3176,postILE,1
3177,Lümfadenopaatia,1
3178,diploopia,1
3179,Bence-Jonesi,1
3180,Bence,1
3181,Aspiraatorravil,1
3182,aspiraatorravil,1
3183,Asteatootiline,1
3184,Kardiostimulaator,1
3185,kardiostimulaator,1
3186,püogeenne,1
3187,papillaarsele,1
3188,Morton`i,1
3189,akromiokl,1
3190,mitokondriaalne,1
3191,entsefalomüopaatia,1
3192,Epideermaalne,1
3193,Astrocytoma,1
3194,fibrillarum,1
3195,Lihhenoidne,1
3196,karstinoom,1
3197,hulgimetastaasidega,1
3198,kaltsitoniini,1
3199,Ovultasiooni,1
3200,Kortikaalne,1
3201,Excorationes,1
3202,multae,1
3203,orgnkahj,1
3204,chlamydia,1
3205,hüpoproteieemia,1
3206,Septiiline,1
3207,Paroxüsm,1
3208,asstosieeruv,1
3209,mitte-erosiivne,1
3210,Extubatio,1
3211,vascul,1
3212,krronilinse,1
3213,retinatsioonist,1
3214,neeruinsufitsients,1
3215,ostomüeliit,1
3216,Ascites,1
3217,kahltus,1
3218,maliigsele,1
3219,efusioonile,1
3220,Kolijusisene,1
3221,meelemarkusetusega,1
3222,talkpleurodees,1
3223,Pickwick,1
3224,pulmonalis,1
3225,paroksusm,1
3226,septica,1
3227,Peritoneaaldialüüsi,1
3228,Epidermidis,1
3229,hüperkaltseemia,1
3230,Hiatus,1
3231,eksudaat,1
3232,adenokartsinoomi,1
3233,Relaparotomia,1
3234,Hematoperitoneum,1
3235,Hysterectomia,1
3236,supracervicalis,1
3237,salpingectomia,1
3238,Kardiopulmonaalne,1
3239,Revisio,1
3240,instrumentalis,1
3241,külotooraks,1
3242,iatrogeenne,1
3243,vigatus,1
3244,dilateerimise,1
3245,Raoultella,1
3246,ornithinolytica,1
3247,Atonia,1
3248,Verkaotus,1
3249,polüorganpuudulikkus,1
3250,parapleegia,1
3251,pulmonaalhüprtensioon,1
3252,bronhiektaasiatõve,1
3253,cotyloides,1
3254,transplantaat,1
3255,Episiotoomia,1
3256,Fekaal,1
3257,Jamesoole,1
3258,Südamepuudulikusest,1
3259,fluidotooraks,1
3260,Urosepsisest,1
3261,Ekstrahepaatiline,1
3262,koletaas,1
3263,Passaži,1
3264,Prolapsus,1
3265,funiculi,1
3266,umbilicalis,1
3267,duocdeenumisse,1
3268,Dgn-tud,1
3269,NT-proBNP,1
3270,Entero-enteroanastomoosi,1
3271,müoglobiin,1
3272,subiileus,1
3273,Infarktpneumonia,1
3274,Verdumiskolded,1
3275,subkortikaalsel,1
3276,tsefuroksiimile,1
3277,endotokseemilise,1
3278,hulgiorganpuudulikkus,1
3279,eGFR35,1
3280,a.-l,1
3281,adrenokortikotroopne,1
3282,Sensoor-amnestiline,1
3283,shokk,1
3284,NYHa,1
3285,talo-cruralis,1
3286,Perineumi,1
3287,Hulgiorganpuudulikkus-,1
3288,majores,1
3289,respiratoa,1
3290,S-skoliosis,1
3291,latum,1
3292,lipodermatoskleroos,1
3293,Anteroseptaalne,1
3294,Subhüal,1
3295,bled,1
3296,Permanens,1
3297,Persist,1
3298,asta,1
3299,adenokartsinoomirakud,1
3300,tservitsiit,1
3301,korioretinaalne,1
3302,põiendiline,1
3303,keratopaatia,1
3304,prk-a,1
3305,preretinaalne,1
3306,Trandate,1
3307,diaphragmatica,1
3308,Ajuinfarktijärne,1
3309,iit--,1
3310,--sin,1
3311,Spondylopathia,1
3312,paroksüsmaalis,1
3313,stenoses,1
3314,tibiarum,1
3315,externa,1
3316,helicobacter,1
3317,risk3,1
3318,Alloprotees,1
3319,maksasteatoos,1
3320,koronaari,1
3321,tamponaadiga,1
3322,Haemarthrosis,1
3323,Bouchard'i,1
3324,permanans,1
3325,Artrodesis,1
3326,talocalcanei,1
3327,reflux,1
3328,Ataksia,1
3329,diplopiaga,1
3330,vaskulaarsed,1
3331,Paraplegia,1
3332,Bloccus,1
3333,marevaanravil,1
3334,vasospasmi,1
3335,Cardisclerosis,1
3336,Prothesis,1
3337,Epitsüstostoomiga,1
3338,ruptura,1
3339,Ménière`i,1
3340,Constipatio,1
3341,Thyreotoxicosis,1
3342,sesmise,1
3343,minima,1
3344,dehüdrogenaasi,1
3345,angio,1
3346,Posit,1
3347,serol,1
3348,kardias,1
3349,Vaskus,1
3350,parietaalsagaras,1
3351,dipleegia,1
3352,osteogenesis,1
3353,imperfecta,1
3354,descentis,1
3355,maliigsed,1
3356,keskmediastiinumis,1
3357,eksatrasüstoolia,1
3358,astsiit,1
3359,hüpersplenism,1
3360,soxae,1
3361,humeroscapul,1
3362,kilpnaarne,1
3363,Kalkuloosne,1
3364,aordikalpi,1
3365,aerug,1
3366,trophicans,1
3367,carot,1
3368,ageneesia-,1
3369,saneerunud,1
3370,retrosternalis,1
3371,viarum,1
3372,urinariarum,1
3373,specificato,1
3374,gripipleurviirus,1
3375,faec,1
3376,Diazepaam,1
3377,Paresis,1
3378,dermoidea,1
3379,salpingo-oophorect,1
3380,torsioon,1
3381,Torsio,1
3382,Duodenumi,1
3383,spisoonekertsi,1
3384,genous,1
3385,cT4aNxM1,1
3386,paraort,1
3387,Pneumoniae,1
3388,mucinosum,1
3389,biventricularis,1
3390,iii--,1
3391,Perikardiefusioon,1
3392,väljavalandus,1
3393,Effusio,1
3394,perecardii,1
3395,postthrombotica,1
3396,acidi,1
3397,folici,1
3398,Uroinfectio,1
3399,hematokolpos,1
3400,dukas,1
3401,Interkostaalneuralgia,1
3402,fibroleiomüoom,1
3403,)-tahy-,1
3404,Kristelleri,1
3405,Hashimoto,1
3406,Trahheostoom,1
3407,mitraalkomissurotoomia,1
3408,Kemoradiatsiooni,1
3409,Anamnesis,1
3410,obstetrica,1
3411,tracti,1
3412,koorionamnioniit,1
3413,saphena,1
3414,glükokortikoidhormooni,1
3415,Preeklmapsia,1
3416,E. Coli,1
3417,Olüneuropaatia,1
3418,pesrsisteeriv,1
3419,grafti,1
3420,Periprotseduraalne,1
3421,kardiomarkerite,1
3422,Caps,1
3423,restenoos-,1
3424,kommissuurotoomia,1
3425,intrasellaarselt,1
3426,Adenokortikotroopne,1
3427,türeotroopne,1
3428,Tiotil,1
3429,angusta,1
3430,kõgusel,1
3431,Sapipõe,1
3432,disfunktsioon,1
3433,dgn-tud,1
3434,koorioamnioniit,1
3435,restenoosile,1
3436,VAsempoolne,1
3437,Barret'i,1
3438,Macleodi,1
3439,hemokonsentratsioon,1
3440,endoemtrioom,1
3441,endoprot,1
3442,degenerativa,1
3443,ovaariumi,1
3444,vaskularisatsiooni,1
3445,visualiseeru,1
3446,sarnanb,1
3447,dermoidtsüstile,1
3448,trombotütopeenia,1
3449,proteseeritu,1
3450,Oblitereeriv,1
3451,tromboangiit,1
3452,buerger,1
3453,T. Desaminooxytocini,1
3454,Kardioversiooni,1
3455,trombektoomia,1
3456,koronaarid,1
3457,Crusei,1
3458,sünehhiad,1
3459,radiosünovektoomia,1
3460,bariaatrilise,1
3461,Takotsubo,1
3462,tentooriumi,1
3463,mesoteliaalne,1
3464,beniigne,1
3465,Brenneri,1
3466,Minimental,1
3467,Bradü-tahhüfr,1
3468,vagina,1
3469,Statud,1
3470,effectus,1
3471,toxicus,1
3472,alcoholicus,1
3473,Vaginoperineaalne,1
3474,Krüptogeenne,1
3475,Osteopoorislähedane,1
3476,BMS-stent,1
3477,Corynebacterium,1
3478,jeikeium,1
3479,Lakunaarse,1
3480,Postpolio,1
3481,Metformiinravi,1
3482,retrocervicalis,1
3483,teadamata,1
3484,reziimis,1
3485,Incompl,1
3486,Serophenega,1
3487,Holteri,1
3488,tahhüarütmia,1
3489,mitraaklapi,1
3490,anat,1
3491,Kadioverter,1
3492,defibrillaator,1
3493,revisioonendoproteesimine,1
3494,endarterektoomi,1
3495,Nephritis,1
3496,Misoprostoli,1
3497,dialatatio,1
3498,cervicic,1
3499,amniotomiam,1
3500,Fibroma,1
3501,Pollicis,1
3502,Mikrotsütaarne,1
3503,hüpokroomne,1
3504,Focii,1
3505,endometriosis,1
3506,ovari,1
3507,dekomprimeerivat,1
3508,dekomprimeeritud,1
3509,ileostoom,1
3510,popliteaalarteri,1
3511,prelininaarperiood,1
3512,eksikoosi,1
3513,polütsüstneer,1
3514,tubarius,1
3515,Ventrikulaarsed,1
3516,Adenosis,1
3517,cylindrocellulare,1
3518,ductalis,1
3519,atypica,1
3520,mensici,1
3521,Diverticulum,1
3522,Ecoli,1
3523,overlap,1
3524,bradükinees,1
3525,Di->,1
3526,Chorioamnionitis,1
3527,Analgaesia,1
3528,Dystokia,1
3529,preliminaarperiood,1
3530,laminektoomia,1
3531,kreatiniin,1
3532,autoimmunis,1
3533,Adenoma,1
3534,Subendokardiaalne,1
3535,rektumi,1
3536,stapleri,1
3537,ponsis,1
3538,peroneaalarteri,1
3539,EKG-Holteris,1
3540,kuplettide,1
3541,konkremendile,1
3542,Diskopaatia,1
3543,asümptomaatiline,1
3544,dissektsioon,1
3545,scapulae,1
3546,Mastektoomia,1
3547,kartsionoom,1
3548,Thyrozole,1
3549,eutüreoosis,1
3550,trigeminia,1
3551,Cavum,1
3552,Douglasi,1
3553,mikrotsütaarne,1
3554,Ferritiini,1
3555,glenohumorales,1
3556,S. Oxytocini`ga,1
3557,normotsütaarne,1
3558,48min,1
3559,dex2004,1
3560,amniotomia,1
3561,Desaminooxytocini,1
3562,bromokrüptiiniga,1
3563,risk9,1
3564,Calendulae,1
3565,Sakrumi,1
3566,CHA2DS2-Vasc,1
3567,pelvi,1
3568,hemotooraks,1
3569,cervix,1
3570,Opereritud,1
3571,Adenokarcinoma,1
3572,endoskoopiliselt,1
3573,Defectus,1
3574,Pancreas,1
3575,divisum,1
3576,progrediens,1
3577,Peritubaarsed,1
3578,trapezei,1
3579,Epitsüstosoom,1
3580,auto-allovenotransplantationem,1
3581,femoro-tibialis,1
3582,adenomüoos,1
3583,Antrumi,1
3584,Bradükardiline,1
3585,Patch,1
3586,ferripriva,1
3587,gantreen,1
3588,histrioonilised,1
3589,Providencia,1
3590,stuartii,1
3591,hematomeetra,1
3592,defitisiit,1
3593,Laparoskoopiline,1
3594,I. Emaka,1
3595,Kandidiaasina,1
3596,tumor,1
3597,30tundi,1
3598,enukleatsiooni,1
3599,14min,1
3600,rekanaliseerunud,1
3601,amputatsiooniga,1
3602,Unguium,1
3603,decompressiva,1
3604,antenatalis,1
3605,eksikoos,1
3606,Kodadevirvendusarütmia,1
3607,hüpokortisoleemia,1
3608,reziim,1
3609,baasfr,1
3610,transplantaadi,1
3611,nefrektoomiajärgne,1
3612,Dekanüleeritud,1
3613,kateeterablatsioon,1
3614,peritubaarsed,1
3615,paroksümaalne,1
3616,Abrubtio,1
3617,Stress-inkontinents,1
3618,fekaalinkontinents,1
3619,Hereditary,1
3620,nonpolyposis,1
3621,colorectal,1
3622,cancer,1
3623,uroinfektsiooniga,1
3624,kaksis,1
3625,Genitaalendometrioosi,1
3626,sitnigraafia,1
3627,Greav,1
3628,koronaararterid,1
3629,transitsionaalne,1
3630,Hüpertensiivse,1
3631,ódex,1
3632,Nefrektoomiajärgne,1
3633,paregu,1
3634,bicornis,1
3635,rabdomüolüüsile,1
3636,Lantus,1
3637,radikulopaatiale,1
3638,I. Amniotomia,1
3639,Analgesia,1
3640,graviditate,1
3641,5tundi,1
3642,hüperplaasiast,1
3643,epitsüstostoom,1
3644,Alimentaarne,1
3645,kopsoper,1
3646,Follikuliit,1
3647,pelvikaalsed,1
3648,cha2ds2-vasc5,1
3649,ovaricas,1
3650,C.Douglases,1
3651,Cixatrix,1
3652,I. Analgesia,1
3653,Ablatsioonravi,1
3654,ehhoKG-l,1
3655,eosinofiilsed,1
3656,cm-ne,1
3657,Permanetne,1
3658,Uroifektsioon,1
3659,Sick,1
3660,maliigsuseta,1
3661,Esmasdiagnoos,1
3662,Lassitudo,1
3663,kats,1
3664,prediabeet,1
3665,rö-thorax,1
3666,T.Desaminooxytocini,1
3667,femoro-popliteaalne,1
3668,hüpokinees,1
3669,ehhokardiograafial,1
3670,essentialis,1
3671,ravimstent,1
3672,mL/min,1
3673,Praesentatio,1
3674,clunium,1
3675,Maksaa,1
3676,Ao-veen-RIM,1
3677,kotrikaalsed,1
3678,segmentaarse,1
3679,harnemiskohal,1
3680,subsegmentaarses,1
3681,Mekoniaalne,1
3682,Pityrosporon,1
3683,follikuliit,1
3684,6sunitiniib,1
3685,proteus,1
3686,proximalis,1
3687,Vasc,1
3688,Orchiectomia,1
3689,bicipitis,1
3690,longum,1
3691,feokromotsütoomile,1
3692,Splenomegaalia,1
3693,türeoidiidi,1
3694,Polyosteoarthrosis,1
3695,kondrokaltsinoos,1
3696,kaltsiumpürofosfaatartropaatia,1
3697,sekundaaren,1
3698,subserosum,1
3699,Eliquis,1
3700,Gastopathia,1
3701,dex-,1
3702,düslipideemia,1
3703,fibroosi,1
3704,"Sakrumi-,",1
3705,Residuaalne,1
3706,Põlvae-,1
3707,valusüdroomiga,1
3708,painutuskontraktuurid,1
3709,pulmonale,1
3710,Uroinfektsioon,1
3711,Perforatio,1
3712,ilei,1
3713,aortobifemoraalse,1
3714,Ekstrasüstoolia,1
3715,sooleop,1
3716,Maoop,1
3717,Toofus,1
3718,hulgifraktuuridega,1
3719,supraventrikularne,1
3720,PaO2,1
3721,Eatoni-lamberti,1
3722,väljapöörd,1
3723,Di6-1,1
3724,lakunaarsed,1
3725,fistel,1
3726,haemorrhoidectomiam,1
3727,emtsefalopaati,1
3728,septalne,1
3729,trikuspidaalklappide,1
3730,genubilat,1
3731,Epidermaalne,1
3732,epidermaalne,1
3733,altern,1
3734,pseudo,1
3735,Dermato,1
3736,oculi,1
3737,Proteesendokradiit,1
3738,Adenomüoos,1
3739,põlveliigesesd,1
3740,komppõid,1
3741,lumbaalosa,1
3742,Torakaalosa,1
3743,spondülootilised,1
3744,7mmol,1
3745,9mmol,1
3746,Haemangioma,1
3747,hepatis,1
3748,Cryo,1
3749,neurofibroma,1
3750,metatars,1
3751,temporomandib,1
3752,subaurikulaarselt,1
3753,Soonkestairre,1
3754,Cystitis,1
3755,focalis,1
3756,endoproteesimist,1
3757,glom,1
3758,filtrats,1
3759,Atrophia,1
3760,quadriceps,1
3761,Postmnopausaalne,1
3762,Angioid,1
3763,streaks,1
3764,laparoskoopiline,1
3765,sleeve,1
3766,Paraparesis,1
3767,flasca,1
3768,poliomyelitidem,1
3769,mitr,1
3770,klap,1
3771,reproteesimine,1
3772,pneumophila,1
3773,laminekt,1
3774,õlav,1
3775,šunteeritud,1
3776,lmi030,1
3777,Sinusitis,1
3778,artroskoopiline,1
3779,niheREmiss,1
3780,hepatorenaalne,1
3781,ielik,1
3782,sistusteta,1
3783,biceps,1
3784,brachi,1
3785,sponülolistees,1
3786,radikulopaatiga,1
3787,Synchisis,1
3788,scintill,1
3789,radikulopaatiaga-,1
3790,Koronaarspasmi,1
3791,Lumbago,1
3792,Persistens->,1
3793,Cardioversio,1
3794,Metab,1
3795,utri,1
3796,artroplastiad,1
3797,südamepuudulikkuseta23,1
3798,sves,1
3799,Seropositiivne,1
3800,seropositiivne,1
3801,reziimil,1
3802,fr65xmin,1
3803,lymphormata,1
3804,Sünehhia,1
3805,Medata,1
3806,südamepuudulikkusegam81,1
3807,poplitead,1
3808,sclerodermia,1
3809,linearis,1
3810,hemisündroom,1
3811,tupedüsplaasia,1
3812,põlveligese,1
3813,spondüloartroosiga,1
3814,Ateroom,1
3815,asümp,1
3816,hemiparesis,1
3817,ekstraduraalne,1
3818,mittetraum,1
3819,vulvovaginiit,1
3820,hüperkolesteroleemia,1
3821,hüperurikeemia,1
3822,Küfoskoliosis,1
3823,aalaseljas,1
3824,osteokondriit,1
3825,osteokondropaatiad,1
3826,Sternumi,1
3827,suurend,1
3828,Neuropaatiline,1
3829,Keratoconj,1
3830,palmaris,1
3831,ägen-ga,1
3832,liigesf-ni,1
3833,reband,1
3834,Düsplasia,1
3835,müoperikardiit,1
3836,Silgard,1
3837,konihhotoomia,1
3838,tÄpsustatud,1
3839,op.-ta,1
3840,hyperplasticus,1
3841,Rathiculopathia,1
3842,lodluu,1
3843,imbrikaatne,1
3844,Koorioni,1
3845,biopisa,1
3846,Klinefelteri,1
3847,paksenemused,1
3848,Notalgia,1
3849,paraesthetica,1
3850,asteatootiline,1
3851,terv,1
3852,Omartroos,1
3853,Sublux,1
3854,bursalis,1
3855,Leucoplavia,1
3856,incip,1
3857,Vegetodystonia-,1
3858,hüpotensio,1
3859,spastica,1
3860,Peroneaalnärvi,1
3861,neuropaatilist,1
3862,12-konserv,1
3863,Dext,1
3864,Baceri,1
3865,sarkoidoos,1
3866,kopsufibroos,1
3867,lvel,1
3868,Sialoadenopathia,1
3869,torakaalosa,1
3870,osteoporo,1
3871,fibrootiline,1
3872,lesioon,1
3873,membr,1
3874,zosteri,1
3875,AdenoCa,1
3876,Epigastriumi,1
3877,enterobiaasile,1
3878,Nabothi,1
3879,Eksematoid,1
3880,subluksats,1
3881,Pretserebraalarterite,1
3882,ahenemus,1
3883,Hüperlipideemia,1
3884,hüpertriglütserineemia,1
3885,carotistes,1
3886,D-hüpo-/,1
3887,talonavicul,1
3888,cuneoclavicularis,1
3889,Bikuspiidne,1
3890,normokroomne,1
3891,vaibefaas,1
3892,neutropeeniaga,1
3893,neutr,1
3894,perikardiõõnes,1
3895,EhhoKG,1
3896,Hyperopia,1
3897,hüpotens,1
3898,occipitale,1
3899,leukonühhia,1
3900,amaurosis,1
3901,angioomid,1
3902,eutüroos,1
3903,hüppeliges,1
3904,calc,1
3905,Septum,1
3906,calcaneuse,1
3907,plantaarne,1
3908,eksostoos,1
3909,varis,1
3910,Cordarone-keratopaatia,1
3911,väärkokkukasve,1
3912,Rhinitis,1
3913,vasomotorica,1
3914,lobii,1
3915,monots,1
3916,Helicobaktergastriit,1
3917,Krüoglobulineemia,1
3918,eemald,1
3919,Sves,1
3920,prep,1
3921,Püridoksiinivaegus,1
3922,axillaris,1
3923,Paroksüsmid,1
3924,koarktatsioonist,1
3925,tsöliaakia,1
3926,acromioclav,1
3927,müeloproliferatiivhaigus,1
3928,Müelofibroos,1
3929,müeloidmetaplaasiaga,1
3930,Kardiaalastma,1
3931,regurgitatsioon,1
3932,op-tud-,1
3933,Atherosclerosis,1
3934,Helikobakt,1
3935,Onühhomükoos,1
3936,Sinistra,1
3937,humeruse,1
3938,Metformiin-,1
3939,metformiin-,1
3940,Kõhueesseina,1
3941,torakaalne,1
3942,sinistroskolioos,1
3943,bioprteesid,1
3944,4nmol,1
3945,cholecystectomiam,1
3946,hemokromatoosi,1
3947,biventrikulaarne,1
3948,endometrioidsele,1
3949,Altern,1
3950,stabism,1
3951,Ninalimas,1
3952,Varikoosne,1
3953,trigonum,1
3954,maxillae,1
3955,abitae,1
3956,Kommissurotoomia,1
3957,subduraalne,1
3958,Aksillaarselt,1
3959,rect,1
3960,discogenes,1
3961,neuritis,1
3962,optici,1
3963,triquetrium,1
3964,lümfotsütoos,1
3965,Lordoos,1
3966,kahjustusparemal,1
3967,Kahtus,1
3968,keratootomia,1
3969,Supravent,1
3970,subluxatio,1
3971,Pectus,1
3972,excavatum,1
3973,Wenkebachi,1
3974,dorsolateraalsel,1
3975,rectopexsia,1
3976,ablatsioon,1
3977,incipiens,1
3978,südamepuudulikkusegaIIaste,1
3979,gastrectoomis,1
3980,kürvalkilpnäärmeadenoomi,1
3981,Kannakontusioon,1
3982,Raynaud'i,1
3983,cyphosis,1
3984,toracolumbalis,1
3985,cornea,1
3986,epizood,1
3987,triptaanid,1
3988,Radiojoodravi,1
3989,Fibroadenoom,1
3990,luksatsioonid,1
3991,KOdade,1
3992,nabothi,1
3993,drusenoide,1
3994,foveas,1
3995,Anteroseptalis,1
3996,reumakardioskleroos,1
3997,Epiglottise,1
3998,Duktaalne,1
3999,Dysphonia,1
4000,functionalis,1
4001,rotat,1
4002,Lumbalis,1
4003,upper,1
4004,cross,1
4005,subkliinilöine,1
4006,tsüstiidile,1
4007,Allergiidid,1
4008,ksantelasm,1
4009,P.Kivi,1
4010,insufitsents,1
4011,M. Darier,1
4012,plastiika,1
4013,Insuffitiencia,1
4014,sficteri,1
4015,Tonsillektoomiajärgne,1
4016,Hemiataksia,1
4017,piirk,1
4018,lumbago,1
4019,coxartrhosis,1
4020,Küõrge,1
4021,arahnoidaaltsüst,1
4022,Mycobacterium,1
4023,fortuitum,1
4024,radibrach,1
4025,proks,1
4026,Heterotoopne,1
4027,ossifikatsioon,1
4028,onkogeense,1
4029,türeotoksikoosile,1
4030,Tu- le,1
4031,hüperprolaktineemiale,1
4032,Ingvinaalselt,1
4033,Nephrolithiasis,1
4034,Abscessus,1
4035,subdiafragmalis,1
4036,dilatats,1
4037,supravag,1
4038,ovaariumidega,1
4039,koronarograafial,1
4040,synovialis,1
4041,cosoptile,1
4042,retino-,1
4043,Mitraaklapi,1
4044,viagstus,1
4045,Kollasklehafaasi,1
4046,Günekologiline,1
4047,Pantsütopeenia,1
4048,fibroadenoomi,1
4049,liigeskontraktuuridega,1
4050,poolk,1
4051,Vagifemi,1
4052,pulmonektoomi,1
4053,Pinguecula,1
4054,oblitereeruv,1
4055,autosensibilisatsioon,1
4056,iid-reaktsioonid,1
4057,mükobakternakkus,1
4058,õalliiges,1
4059,Anophthalm,1
4060,Leukoplaakia,1
4061,remis,1
4062,Kroonoiline,1
4063,tsüstiit->,1
4064,torakoplastia,1
4065,.-neuralgia,1
4066,hiatalis,1
4067,radiocarp,1
4068,altitudinaalne,1
4069,traum-,1
4070,thyroxin,1
4071,vaginalis,1
4072,by-pass,1
4073,Panfoto,1
4074,füsiol,1
4075,lordoos,1
4076,Horizont,1
4077,subartikularis,1
4078,mediolateralis,1
4079,angiograafial,1
4080,Skriining-chol,1
4081,5mmol,1
4082,Türeoidektoomiajärgne,1
4083,türeoidektoomiajärgne,1
4084,7nmol,1
4085,Spina,1
4086,bifida,1
4087,stab,1
4088,L5dex,1
4089,inversus,1
4090,Angioomid,1
4091,osteofüüdod,1
4092,absedeeruv,1
4093,lihasgr,1
4094,apremal,1
4095,pneumoniae-tekkene,1
4096,divertiikel,1
4097,omartroos,1
4098,Epicystostoma,1
4099,Synchysis,1
4100,scintillans,1
4101,2mmol,1
4102,purpuraalne,1
4103,postoperationem,1
4104,carpal,1
4105,gradus,1
4106,retroversio,1
4107,siisetõmme,1
4108,umar,1
4109,Düstoopiline,1
4110,Hisi,1
4111,Pseudotumoroosne,1
4112,pseudotumoroosne,1
4113,tüstid,1
4114,tibilis,1
4115,densitomeetrias,1
4116,hüperparatüreoidism,1
4117,proksimaalses,1
4118,endometriit,1
4119,emakasisekestapõletik,1
4120,S. Silgard,1
4121,Plaquenil-ravi,1
4122,kardiover,1
4123,Mninatiibade,1
4124,tophi,1
4125,urica,1
4126,Nefrokaltsinoos,1
4127,Dvitamiin,1
4128,erros-d,1
4129,meibomi,1
4130,MittedDiferentseerunud,1
4131,fn.-i,1
4132,kardiofreenilises,1
4133,radiculalgia,1
4134,lümfosta,1
4135,uretropexia,1
4136,Monarc,1
4137,tserebellaarne,1
4138,Thyroxin,1
4139,mediolat,1
4140,urepalmoos,1
4141,th-osas,1
4142,Th11-ilmselt,1
4143,chorioidea,1
4144,icip,1
4145,karbu,1
4146,ptka,1
4147,funktsi,1
4148,cordarone-keratopaatia,1
4149,Reanimatio,1
4150,Keratopathia,1
4151,düsfoonia,1
4152,hyposphagma,1
4153,atorvastat,1
4154,vestibuliit,1
4155,Ureaplasmoos,1
4156,Toreki,1
4157,scoplariopsis,1
4158,atrioventrikulaarblokaad,1
4159,mensest,1
4160,hüpokortitsism,1
4161,prepatelaarne,1
4162,septoplastika,1
4163,parietaalselt,1
4164,lumbaalne,1
4165,kehap,1
4166,prakt,1
4167,mensestega,1
4168,Reakt,1
4169,supraskapulaarnärv,1
4170,retinokor,1
4171,plex,1
4172,Duraalne,1
4173,angioom,1
4174,Hüpertüreoosi,1
4175,Perikardi,1
4176,mikro-eksotroopia,1
4177,quadricepsi,1
4178,tendinoosi,1
4179,mobilis,1
4180,Coxartrosis,1
4181,intestinaalmetaplaasia,1
4182,Presbüoopia,1
4183,operculum,1
4184,hüpotüreoosiga,1
4185,redressioon,1
4186,Omalizumab,1
4187,monomorfsed,1
4188,fibroepitelialis,1
4189,ureaploamoos,1
4190,hulgiliidespuudulikkusega,1
4191,Vaskul,1
4192,ventirkulaarne,1
4193,radiculopaatia,1
4194,Ablatio,1
4195,)-op,1
4196,kopsuTBC,1
4197,paremp,1
4198,Remisssioon,1
4199,infrapat,1
4200,Liskas,1
4201,revaskuleerimine,1
4202,Vortex,1
4203,keratopathia,1
4204,SSBak,1
4205,laparatoomia,1
4206,eksemiidid,1
4207,Fibroosikolded,1
4208,pitted,1
4209,keratolysis,1
4210,Willebrandi,1
4211,kardiopulmonaalne,1
4212,metaboolselt,1
4213,hyaloides,1
4214,preprolif,1
4215,lumbalisatsioon,1
4216,Schmorli,1
4217,Holteruuringul,1
4218,eise,1
4219,thyrozolravi,1
4220,gastrectomia,1
4221,Roux,1
4222,Intertrigo,1
4223,candidotica,1
4224,Tieze,1
4225,Plantaarne,1
4226,Anoptahalmus,1
4227,Muküplasma,1
4228,paikmega,1
4229,Tendinoos,1
4230,hüpertriglütserideemia,1
4231,alter,1
4232,Düslipideemia,1
4233,keratotomiam,1
4234,Transferriini,1
4235,Transferriin,1
4236,pvasem,1
4237,anamnestika,1
4238,posttrombotica,1
4239,ravimindutseeritud,1
4240,Kuulmiaparaat,1
4241,restenoos,1
4242,vistseraalpinna,1
4243,kongestiivne,1
4244,laparoskoopilise,1
4245,kaltsifitseerumisega,1
4246,kardioskleroos,1
4247,fragmentatsioon,1
4248,Aretriaalne,1
4249,marevan,1
4250,tonsillektoomia,1
4251,marevan`i,1
4252,stoomi,1
4253,peksemurd,1
4254,tegevu,1
4255,puhkamin,1
