- Laborant,17973
Ultraheli,5958
Röntgenograafia,5003
"<ANONYM id=""0"" type=""per"" morph=""_H_ sg n;_H_ sg n""/>:",3946
"- D05142 - E440 - suu-, näo- ja lõualuukirurgia",3017
- Laborispetsialist,2871
3002 - ERIARSTI ESMANE VASTUVÕTT,2525
visus,2417
- Spetsialist,2309
Magnetresonantstomograafia,2120
Kompuutertomograafia,2109
Histoloogia,1872
- Sekretär,1563
3004 - ERIARSTI KORDUV VASTUVÕTT,1465
"KAEBUSED, KÄESOLEV PROBLEEM",1422
Röntgenuuringud,1383
Funktsionaaldiagnostilised,1345
"<ANONYM id=""2"" type=""per"" morph=""_H_ sg n;_H_ sg n""/>:",1340
Visus:,1320
Elektrooniline tellimine,1290
visus:,1093
"- D06237 - E440 - suu-, näo- ja lõualuukirurgia",1052
- D04280,1033
Vaginaalne ultraheliuuring,913
- D05449,798
"Röntgeniülesvõte rindkerest (otseülesvõte, PA)",727
- Laboriarst,703
vis:,688
Tsütoloogia,638
3037 - Ämmaemanda Iseseisev Vastuvõtt,620
Güneko-tsütoloogiline uuring,591
Kilpnäärme ultraheli:,583
Koronaarangioplastika (esimene stenoos),479
Kontrollis.,478
Günekotsütoloogia,472
Endoskoopilised,468
Angiograafia,430
"; <ANONYM id=""2"" type=""per"" morph=""_H_ sg n""/>, <ANONYM id=""3"" type=""per"" morph=""_H_ sg n""/>:",422
Uriini ribaanalüüs,419
Ultraheliuuring vaginaalselt (günekoloogiline),385
"- KAARMA-TÕNNE, <ANONYM id=""0"" type=""per"" morph=""_H_ sg n""/> - D05838 - E380 - taastusravi ja füsiaatria",376
"<ANONYM id=""4"" type=""per"" morph=""_H_ sg n;_H_ sg n""/>:",370
VASTUSED:,358
"- D02773 - E440 - suu-, näo- ja lõualuukirurgia",358
- Sekretär,355
Kolposkoopia,349
Täismahus ehhokardiograafia,347
RBC     ; HCT     ; MCV    ; HGB    ; MCH    ; MCHC    ; PLT     ; MPV      ; WBC     ; SR   0; Gly     ; CRV     ; Valem:; keppt.  0; segmt.  0; eos.    0; basof.  0; lümf.   0; monot.  0,341
Ultraheli kilpnäärmest:,341
Hemogramm,333
Elektrokardiograafia,323
Kardioloogilised,321
"- D01640 - E440 - suu-, näo- ja lõualuukirurgia",315
Uriini ribaanalüüs,312
Ultraheliuuring kõhu- ja vaagnapiirkonnast,306
Hemogramm 5-osalise leukogrammiga,305
-  REFRAKTSIOON         Sph     Cyl      Ax,298
Nukleaarmeditsiin,297
3008 - ÕENDUSALATÖÖTAJA ISESEISEV VASTUVÕTT,296
Kilpnäärme asetsus iseärasusteta.,292
Rohelise ja sinise triaažikategooriaga haige käsitlus erakorralise meditsiini osakonnas,291
Naistekliiniku ultraheli,290
Koronarograafia,290
EKG,284
-  Tuli analüüside vastustele,284
- Vanemlaborant,283
ANALÜÜSIDE TELLIMUS,280
-  Üldseisund - hea,272
"- D03897 - E440 - suu-, näo- ja lõualuukirurgia",272
3035 - Õe Iseseisev Vastuvõtt,272
Kontrollis.,271
-  Antud anal. vastused-,253
Erütrotsütaarsete antikehade sõeluuring kahe erütrotsüüdiga Ei ole avastatud,252
"- D02774 - E440 - suu-, näo- ja lõualuukirurgia",251
"<ANONYM id=""0"" type=""per"" morph=""_H_ sg n;_H_ sg n""/>:",251
"- ALLIK, MERLE - D04280",249
- -,249
SI naha torketestide tulemused,249
Elektromüograafia,245
- REFRAKTSIOON         Sph         Cyl       Ax,240
"- <ANONYM id=""0"" type=""per"" morph=""_H_ sg n""/>, VAALJA - D01701 - E370 - sünnitusabi ja günekoloogia",238
-  Ordineeritud ravi.,236
Nägemisteravus ei ole muutunud,236
- .,233
Visus,230
-  Pt. tuli analüüside vastuseid saama.,229
Suunab perearst.,228
Ehhokardiograafia,228
Hemogramm viieosalise leukogrammiga,227
7903 Röntgeniülesvõte rindkere piirkonnast (üks_ülesvõt,226
"ANALÜÜSIDE TELLIMUS nr: <ANONYM id=""4"" type=""landline"" />",219
Patsient suunatud reumatoloogi poolt õe vastuvõtule.,214
"<ANONYM id=""2"" type=""per"" morph=""_H_ sg n;_H_ sg n""/>: PEREÕE NÕUSTAMINE HÜPERTENSIOONI JA DÜSLIPIDEEMIA DIEETRAVI",211
Pts dioodlaseri kordus protseduuril,209
Uriini analüüs testribaga,207
"- <ANONYM id=""0"" type=""per"" morph=""_H_ sg n""/>, MAARJALIIS - D07555 - E600 - üldarstiabi",206
"; <ANONYM id=""4"" type=""per"" morph=""_H_ sg n""/>, <ANONYM id=""5"" type=""per"" morph=""_H_ sg n""/>:",203
Ösofagogastroduodenoskoopia,203
Röntgenoskoopia,201
ANALÜÜSIDE TELLIMUS,201
- Vajadusel korduv neuroloogi konsult.,200
-  Patsient pöördus 3D/4D loote ultraheliuuringuks.,198
Nägemisteravus on muutunud,197
Tuli kontrolli.,197
-  Kontrolli NN-sse 6-8 näd. pärast.,196
Tuli kontrollile,196
refr.,195
PERIOODILINE TERVISEKONTROLL( dr.Piho):,192
"<ANONYM id=""1"" type=""per"" morph=""_H_ sg n;_H_ sg n""/>:",192
"-  Nahk lööbeta , lim. kestad puhtad.  Südametoonid  regulaarsed, hea  jõudlusega.",192
- Andmesisestaja,191
GASTROSKOOPIA,189
-  Loote sonomorfoloogia normi piires.,187
- Loote sonomorfoloogia normi piires,186
- D05448,185
"ANALÜÜSIDE TELLIMUS nr: <ANONYM id=""7"" type=""landline"" />",184
RBC     ; HCT     ; MCV    ; HGB    ; MCH    ; MCHC    ; PLT     ; MPV      ; WBC     ; SR   0; Gly     ; CRV -   ; Valem:; keppt.  0; segmt.  0; eos.    0; basof.  0; lümf.   0; monot.  0,183
ENMG,182
ANALÜÜSIDE TELLIMUS,182
Koormustestid,182
- KUVARIGA TÖÖTAMISEL VAJAB PRILLE,182
"-  Regulaarsed puhkepausid - iga tund 5-7 min. Sirutada, teha venitusharjutusi, vaadata aknast välja kaugusesse.",181
Tonsillektoomia intubatsioonnarkoosis,180
"I. <ANONYM id=""0"" type=""per"" morph=""_H_ sg n""/> D00537 Haiguse anamnees / <ANONYM id=""1"" type=""per"" morph=""_S_ pl n""/>, NÄGEMINE : Pöördumise põhjus Nägemise kontroll, Silmasisese rõhu kontroll",179
Konsultatsioon.,178
-  tervisesport ja õige toitumine,175
7903 - Röntgeniülesvõte rindkere piirkonnast (üks ülesvõte),174
KVT Lülisamba nimme-ristluu magnetuuring natiivis,172
: Lümfotsüütide abs arv 1.9 x 10 9/L [norm 1.30 - 3.60],172
"- D01644 - E440 - suu-, näo- ja lõualuukirurgia",172
-   Nägemine,171
- Üldseisund hea.,171
"-  Patsient pöördus <ANONYM id=""0"" type=""per"" morph=""_H_ sg n""/> testiks",168
Kilpnäärme ultraheli.,165
Histoloogia,164
ANALÜÜSIDE TELLIMUS,164
Tuli kontrolli.,164
"- <ANONYM id=""0"" type=""per"" morph=""_H_ sg n""/>, SIIRI-MERIKE - D04745 - E230 - neuroloogia",162
"<ANONYM id=""6"" type=""per"" morph=""_H_ sg n;_H_ sg n""/>:",160
"- VAIDE, MAARJA - Laborant",160
Holter,157
-   Nahk  ja limaskestad-puhtad.,156
-  Patsient pöördus loote III trimestri ultraheliuuringuks,156
Uriini analüüs testribaga,154
Laparoskoopiline koletsüstektoomia,153
"- LINK, MARE - Laborant",153
Pöördus kopsutuberkuloosi välistamiseks. Kaebuseid ei ole.,152
- Sekretär,152
Värvidoppleriga ehhokardiograafia polikliinikus,152
"- RAAMAT, VILMA - Laborant",150
"6324 - ELEKTROKARDIOGRAAFIA KOORMUSTEST (VELOERGOMEETRIL, KOORMUSRAJAL)",147
Parodontitis chronica,147
- D05448,146
Raviplaan.,146
: Lümfotsüütide abs arv 2.1 x 10 9/L [norm 1.30 - 3.60],145
: Lümfotsüütide abs arv 1.8 x 10 9/L [norm 1.30 - 3.60],145
: Lümfotsüütide abs arv 2.0 x 10 9/L [norm 1.30 - 3.60],144
"- D03896 - E440 - suu-, näo- ja lõualuukirurgia",144
Naha allergeentestid:,143
KIRJELDUS,143
"ANALÜÜSIDE TELLIMUS nr: <ANONYM id=""11"" type=""landline"" />",143
"- MARANDI, MERIKE - Laborant",141
-  NILM,141
: Lümfotsüütide abs arv 1.7 x 10 9/L [norm 1.30 - 3.60],141
- Ravinõuanne,141
Radioloogi konsultatsioon - vana uuringu kirjeldamine,141
"- PIIRISILD, ÜLLE - Spetsialist",140
EKG-Holter-i monitooring,139
-  Patsient pöördus loote anatoomiliseks skriininguks.,139
Karpaalkanali dekompressioon,139
Nimmediski lateraalprolapsi eemaldamine,138
: Reumatoidfaktor <15 kU/L [norm ... - 15],136
"- SILM, <ANONYM id=""0"" type=""per"" morph=""_H_ sg n""/> - D03564 - E110 - dermatoveneroloogia",136
: Lümfotsüütide abs arv 1.6 x 10 9/L [norm 1.30 - 3.60],136
"- <ANONYM id=""1"" type=""per"" morph=""_H_ sg n""/>, MAARJALIIS - D07555 - E600 - üldarstiabi",136
Pea KT natiivis,135
- KUVARIGA TÖÖTAMISEL EI VAJA PRILLE,135
: PT Teostamata % [norm 70 - 130],134
-  Patsient suunatud taastusravile (7041 x 5).,133
- PAP NILM,132
- tervisesport,132
KAEBUSED,132
: Lümfotsüütide abs arv 1.5 x 10 9/L [norm 1.30 - 3.60],132
Kollase triaažikategooriaga haige käsitlus erakorralise meditsiini osakonnas,132
"Pindmiste  haavade ekstsisioon, kirurgiline korrastus",132
-  Kontroll 1 kord aastas.,131
Röntgenograafia rindkere piirkonnast,130
- M00089,130
- L1692 - E96 - logopeed,130
*Uriini uuringud,130
"- ORASON, KAARIN - Laborant",129
-  Võib töötada. Otsus    2 aastat,129
"- NIELÄNDER, MAIRE - Laborant",128
Esmaabi!,127
-  antud anal. vastused,127
: Lümfotsüütide abs arv 2.3 x 10 9/L [norm 1.30 - 3.60],126
Koormustest koormusrajal polikliinikus,126
: Lümfotsüütide abs arv 2.2 x 10 9/L [norm 1.30 - 3.60],126
Pts krüoteraapia kordus protseduuril,125
"- VALGEPEA, TAIMI - Laborant",125
-  Haiguse anamnees.,124
"- REINUMÄGI, ANNIKA - Laborispetsialist",124
Recovery  1 tund (  max-3 tundi ),122
Mammogramm ühest rinnast kraniokaudaalsuunas (CC); Mammogramm ühest rinnast põikisuunas (MLO),122
"- HEEK, VIVIAN",122
"ANALÜÜSIDE TELLIMUS nr: <ANONYM id=""9"" type=""landline"" />",121
- Vastus:,121
- Suunatud perearstile,119
- Abiõde,119
"- SILM, <ANONYM id=""1"" type=""per"" morph=""_H_ sg n""/> - D03564 - E110 - dermatoveneroloogia",119
: Aeroobne külv: olek Valmis,118
Kolonoskoopia täielik,118
hemogramm viieosalise leukogrammiga,118
UH käht ja vaa UH kõht ja vaagen,118
Intraoraalne hambaülesvõte,118
"- <ANONYM id=""0"" type=""per"" morph=""_H_ sg n""/>, ENN-JAAGUP - D00685 - E330 - pulmonoloogia",117
: CRP (POCT) <5 mg/L [norm ... - 10],117
HAIGUSE ANAMNEES,117
"Kaebused taandunud. <ANONYM id=""1"" type=""per"" morph=""_S_ pl g""/> poolt leid patoloogiata.",117
7907 - Röntgeniülesvõte lülisamba piirkonnast (kaks ülesvõtet),113
"ANALÜÜSIDE TELLIMUS nr: <ANONYM id=""5"" type=""landline"" />",113
"- KAUR, ELLEN",112
"ANALÜÜSIDE TELLIMUS nr: <ANONYM id=""13"" type=""landline"" />",112
HBsAg Negatiivne,112
Neurofüsioloogia,112
"- KÄNNASTE, LIIA - Spetsialist",112
: Lümfotsüütide abs arv 2.4 x 10 9/L [norm 1.30 - 3.60],112
UH doppleruuring kaela arteritest,111
Esmaabi!,111
"RÖ rindkerest PA, AP (otse)",111
: Lümfotsüütide abs arv 1.4 x 10 9/L [norm 1.30 - 3.60],110
"- <ANONYM id=""2"" type=""per"" morph=""_H_ sg n""/>, MAARJALIIS - D07555 - E600 - üldarstiabi",110
"- <ANONYM id=""1"" type=""per"" morph=""_H_ sg n""/>, VAALJA - D01701 - E370 - sünnitusabi ja günekoloogia",110
Visus:,110
Ultraheli doppleruuring alajäseme süvaveenidest,110
Nägemisteravus ei ole muutunud.,109
7919 - Röntgeniülesvõte alajäsemetest (kaks ülesvõtet),109
Erakorraline,109
EEG - elektroentsefalograafia,109
-  Tuli perearsti suunamisel.,108
Muud kirurgilised protseduurid,108
"ANALÜÜSIDE TELLIMUS nr: <ANONYM id=""10"" type=""landline"" />",107
"- MAASING, MARGIT - Laborant",107
hemogramm  B-CBC-3Diff,106
EKG MÕÕTMISE TULEMUSED,106
"- LEEMET, MARET - Laborant",106
"- <ANONYM id=""0"" type=""per"" morph=""_H_ sg n""/>, PIIA-HEIDI - D00968 - E430 - hambaravi",105
-  Üldseisund hea.,105
ANALÜÜSIDE VASTUSED:,104
"<ANONYM id=""8"" type=""per"" morph=""_H_ sg n;_H_ sg n""/>:",104
Korduv visiit,104
KOLOSKOOPIA,104
"- <ANONYM id=""3"" type=""per"" morph=""_H_ sg n""/>, MAARJALIIS - D07555 - E600 - üldarstiabi",103
"<ANONYM id=""0"" type=""per"" morph=""_Y_ ?;_S_ sg n""/>:",103
Healoomulise nahakasvaja eemaldamine,103
ANALÜÜSIDE TELLIMUS,103
Ravikontrollis.,103
-  teostatud  analüüsid  ja uuringud:,102
-  Günekoloogiline anamnees ja põetud haigused.,102
7953 - Kõhu- ja vaagnapiirkonna ultraheliuuring,102
"ANALÜÜSIDE TELLIMUS nr: <ANONYM id=""6"" type=""landline"" />",102
: Lümfotsüütide abs arv 1.3 x 10 9/L [norm 1.30 - 3.60],102
Esmaabi.,102
Koronaarangioplastika (järgnev stenoos),102
"ANALÜÜSIDE TELLIMUS nr: <ANONYM id=""17"" type=""landline"" />",101
Koormustest koormusrajal,101
- ravi ei vaja,100
"- PUNAB, <ANONYM id=""0"" type=""per"" morph=""_H_ sg n""/> - D01920 - E410 - uroloogia",100
-  Vt. kokkuvõte,100
"- <ANONYM id=""3"" type=""per"" morph=""_H_ sg n""/>, ENN-JAAGUP - D00685 - E330 - pulmonoloogia",100
- KIRJELDUS,100
Pulmonoloogiaõe esmane vastuvõtt,99
Ravikontroll,99
"- VEREV, LIILIJA - Laborant",99
Pahaloomuliste nahakasvajate radikaalne kir.ravi,99
Totaalne endoproteesimine põlveliigesel,98
"kõnnitest neljaharulise kepiga(paremal poolel) 1min54sekundit. Kõik siirdumised teostab iseseisvalt. Kõnnib järjest 26m. Käte koordinatsioonitest 9HP par 27,6 sekundit; vas 2min35sekundit. Riietub ja kasutab wc-d iseseisvalt.",97
"<ANONYM id=""0"" type=""per"" morph=""_Y_ ?;_H_ sg n""/>:",97
"1x7041 PROM harjutused jäsemetele, asendravi.",97
"- TAFITŠUK, DIANA - Laborant",97
RUH+ jääkuriin RUH+ jääkuriin,97
Pehmete kudede healoomuliste kasvajate operatsioonid,97
Koloskoopia,96
"Põletikurakud: Ektotserviksis vähe põletikurakke, Endotserviksis vähe põletikurakke",96
-  Tuli vaktsineerima.,96
hemogramm viieosalise leukogrammiga,96
"- AASMÄE, SOFIA - Laborant",96
"- <ANONYM id=""2"" type=""per"" morph=""_H_ sg n""/>, ENN-JAAGUP - D00685 - E330 - pulmonoloogia",95
Sperma Sperma,94
Diagnostiline emakaõõne abrasioon,94
"ANALÜÜSIDE TELLIMUS nr: <ANONYM id=""15"" type=""landline"" />",94
- D04355,94
Hemogramm,94
: Lümfotsüütide abs arv 2.5 x 10 9/L [norm 1.30 - 3.60],94
"- ARU, LY - D05449",94
Pts dioodlaseri kordus protseduuril.,93
Hemogramm,93
-  Tagasi kutsutud.,92
Kood ja nimetus: 7551 Ösofagogastroduodenoskoopia Põhjendus: . Kirjeldus:,92
Biokeemia,92
"- PAPKINA, JEKATERINA",92
7953 Kõhu- ja vaagnapiirkonna ultraheliuuring,92
"<ANONYM id=""0"" type=""per"" morph=""_S_ sg n;_Y_ ?""/>:",92
Patsient  tuleb  sõeluuringule.,91
"- Ultraheliuuringu teostaja: Dr. <ANONYM id=""0"" type=""per"" morph=""_H_ sg n;_H_ sg n""/>",91
-  ANAMNEES,91
Septoplastika,91
"- PALU, ERE - Laborant",91
-  silmakontoll,91
"-  KUVARIGA TÖÖTAMISEL EI  VAJA <ANONYM id=""0"" type=""per"" morph=""_S_ pl p""/>",90
- D04278,90
"<ANONYM id=""2"" type=""per"" morph=""_H_ sg n;_H_ sg n""/>: analüüsid",90
Kaebuseks soolatüükad. Teinud ravi Sol. Duofilm'iga.,90
Pts dioodlaseri 2 protseduuril. Talub ravi hästi,89
"EKS implanteerimine (atrioventrikulaarne, sekventsiaalne)",89
: HDL kolesterool 1.4 mmol/l [norm 1.0 - ...],89
Nic test,89
Koguöö digitaliseeritud pulssoksümeetriline uuring,88
Pöördus kopsutuberkuloosi välistamiseks.,88
"- <ANONYM id=""1"" type=""per"" morph=""_H_ sg n""/>, SIIRI-MERIKE - D04745 - E230 - neuroloogia",88
Erakorraline.,88
Pts dioodlaseri protseduuril,88
"- <ANONYM id=""4"" type=""per"" morph=""_H_ sg n""/>, ENN-JAAGUP - D00685 - E330 - pulmonoloogia",88
-  Patsient pöördus loote anatoomiliseks skriininguks. I trimestri skriining olnud korras.,87
Retsidiivita.,87
Esmaabi:,87
"- KRIISA, ANNIKA - Laborant",87
Vererõhu monitooring,86
- Üldseisund rahuldav.,86
"; <ANONYM id=""6"" type=""per"" morph=""_H_ sg n""/>, <ANONYM id=""7"" type=""per"" morph=""_H_ sg n""/>:",86
"<ANONYM id=""2"" type=""per"" morph=""_H_ sg n;_H_ sg n""/>: selgitusi haiguse ,ja ravi kohta",86
"- POOLAK, KADRI - Laborant",86
Mammogramm ühest rinnast põikisuunas (MLO); Mammogramm ühest rinnast kraniokaudaalsuunas (CC),86
"ANALÜÜSIDE TELLIMUS nr: <ANONYM id=""19"" type=""landline"" />",86
hemogramm  B-CBC-3Diff,85
"-  Soovitav regulaarne üldfüüsiline treening ja ujumine. Massaaž kaela-õlavöötme-kätele, seljale (10 korda 2 korda aastas).",85
"- SILM, <ANONYM id=""3"" type=""per"" morph=""_H_ sg n""/> - D03564 - E110 - dermatoveneroloogia",85
Kood ja nimetus: 66807 Papanicolaou meetodil tehtud ja skriinija  poolt hinnatud günekotsütoloogiline uuring (1 lokalisatsioon) Põhjendus: perh Kirjeldus: Kliinilised diagnoosid,84
: HDL kolesterool 1.2 mmol/l [norm 1.0 - ...],84
"Konsultatsioon, staatus.",84
Visus,84
"Tüsilike haavade ekstsisioon, kir.korrastus",84
"Artroskoopiline operatsioon (menisk,resektsioon)",83
C trachomatis DNA  Negatiivne,83
Hammaste panoraamülesvõte,83
-  Võib töötada. Otsus 3 aastat.,83
"- LEPP, MARIKA - Laborant",83
anamnees,82
"ANALÜÜSIDE TELLIMUS nr: <ANONYM id=""4"" type=""mobile"" />",82
: Urobilinogeen Normi piires [norm ... - 17],82
- D04280,82
"- Kütt, Astrid",82
"<ANONYM id=""2"" type=""per"" morph=""_H_ sg n;_H_ sg n""/>: UURINGUD  ¤ AS  Järvamaa Haiglas :",81
Kaebusteta.,81
"<ANONYM id=""0"" type=""per"" morph=""_H_ sg n;_H_ sg n""/>: TERVISELEHE UURINGUD. Puuduvad vaimste ja füüsiliste haiguste tunnused mis välistaksid töö erialal.Subjektiivsed kaebused puuduvad.",81
Uriini külv,81
- EMO arst:,81
"- PARV, INGA - Spetsialist",81
"- KAARMA-TÕNNE, <ANONYM id=""5"" type=""per"" morph=""_H_ sg n""/> - D05838 - E380 - taastusravi ja füsiaatria",81
"- D01093 - E440 - suu-, näo- ja lõualuukirurgia",80
- Alustatud VEK'i lehe täitmist.,80
-  Kontroll 1x aastas või vajadusel.,80
6333 - HAPNIKU TARBIMISE KOMPLEKSUURING,79
Ultraheli.,79
Paranenud.,79
Kopsudes vesikulaarne hingamiskahin,79
- D03524,79
"-  Õde: <ANONYM id=""0"" type=""per"" morph=""_H_ sg n;_H_ sg n""/>",79
Töövõime säilitamiseks vajalik taastusravi; massaaz õlavöötme ja alaselja piirkonnale 5-7x 1-2x aastas. Mõõdukas kehakultuur- vesiivõimlemine.,78
7907 Röntgeniülesvõte lülisamba piirkonnast (kaks_ülesv,78
"- ESVALD, ELE-LIIS",78
EEG järeldus:,78
"- SILM, <ANONYM id=""2"" type=""per"" morph=""_H_ sg n""/> - D03564 - E110 - dermatoveneroloogia",78
"- VAIDE, MAARJA",78
Radioloogiline uuring,78
"- HEEK, VIVIAN",78
: Lümfotsüütide abs arv 2.0 x 10 9/L [norm 1.3 - 3.6],78
"- VASSILJEVA, OLGA",78
Kood ja nimetus: 66800 Hematoksüliin-eosiin värvinguga biopsiamaterjali uuring (1 blokk) Põhjendus: histoloogiline uuring Kirjeldus:,78
"ANALÜÜSIDE TELLIMUS nr: <ANONYM id=""8"" type=""landline"" />",78
"<ANONYM id=""0"" type=""per"" morph=""_H_ sg n;_H_ sg n""/>: Patsiendil tugevad seljavalud enam alaselja piirkonnas.",77
- UH:,77
Visiit koju,77
Ultraheliuuring rinnanäärmest koos aksillaarkoopa lümfisõlmede uuringuga,77
: Lümfotsüütide abs arv 2.1 x 10 9/L [norm 1.3 - 3.6],77
"- RAAMAT, VILMA",77
"- VÄHI, <ANONYM id=""0"" type=""per"" morph=""_H_ sg n""/> - N00532 - N500 - üldõendus",77
"- Ora, Ene - D05448",77
"-  pt. soovib teada  analüüside vastuseid,",77
- D04531,76
- kontroll 1a pärast,76
"- Reinolt, Marin",76
"- PÜVI, EVE",76
: ERY-erütrotsüüdid neg,76
- Sotsiaaltöötaja konsultatsioon teostatud.,76
"- <ANONYM id=""1"" type=""per"" morph=""_H_ sg n""/>, ENN-JAAGUP - D00685 - E330 - pulmonoloogia",76
-  Vaktsineerimine teostatud. Võimalike kõrvalnähtude ilmnemisel pöörduda perearstile.,76
TVL lõpetatud.,76
"- <ANONYM id=""5"" type=""per"" morph=""_H_ sg n""/>, ENN-JAAGUP - D00685 - E330 - pulmonoloogia",76
: Lümfotsüütide abs arv 1.6 x 10 9/L [norm 1.3 - 3.6],76
"- <ANONYM id=""3"" type=""per"" morph=""_H_ sg n""/>, VAALJA - D01701 - E370 - sünnitusabi ja günekoloogia",76
-  Korralisse kontrolli seoses glaukoomi haigusega,76
: Borrelia IgG <5.0 [norm ... - 10.0],76
: IG 0.01 x 10 9/L [norm ... - 0.06],76
KIRJELDUS,75
: Lümfotsüütide abs arv 2.6 x 10 9/L [norm 1.30 - 3.60],75
: Lümfotsüütide abs arv 2.7 x 10 9/L [norm 1.30 - 3.60],75
"<ANONYM id=""3"" type=""per"" morph=""_H_ sg n;_H_ sg n""/>:",75
-  KUVARIGA TÖÖTAMISEL EI VAJA PRILLE,74
-   Välissuguelundid -ii .,74
"- MELNICHUK, ALINA",74
Kood ja nimetus: 66801 Operatsioonipreparaadi väljalõige koos makropreparaadi ja histoloogilise preparaadi kirjeldava diagnoosiga (kuni 3 blokki) Põhjendus: histoloogiline uuring Kirjeldus:,74
EKG-Holter-i monitooring polikliinikus,74
EEG,74
Laparoskoopia,73
: Kreatiniin 62 mkmol/l [norm 45 - 84],73
"- TOIT, EVA - Laborant",73
"- OTS, SIRJE",73
Aortokoronaarsunt 3 ja enamal arteril,73
RUH RUH,73
Naistearsti konsultatsioon 1,73
Muu kips- või kerglahase asetamine,73
"- Kalder, Kairi",73
"ANALÜÜSIDE TELLIMUS nr: <ANONYM id=""23"" type=""landline"" />",73
"- ORASON, KAARIN",73
Naistearsti konsultatsioon 2,73
- Refraktsioon,73
"ANALÜÜSIDE TELLIMUS nr: <ANONYM id=""7"" type=""mobile"" />",73
hemogramm  B-CBC-3Diff,73
Bariaatriline laparoskoopiline maost möödajuhtiv operatsioon,73
: Kreatiniin 60 mkmol/l [norm 45 - 84],72
- Nõustatud.,72
-  .: Auskultatsioonil bilateraalselt vesikulaarne hingamiskahin,72
"- KAARMA-TÕNNE, <ANONYM id=""6"" type=""per"" morph=""_H_ sg n""/> - D05838 - E380 - taastusravi ja füsiaatria",72
"ANALÜÜSIDE TELLIMUS nr: <ANONYM id=""2"" type=""landline"" />",72
"- RAAMAT, VILMA",72
: HDL kolesterool 1.6 mmol/l [norm 1.0 - ...],72
"- <ANONYM id=""7"" type=""per"" morph=""_H_ sg n""/>, ENN-JAAGUP - D00685 - E330 - pulmonoloogia",72
"- NESTEROVA, YULIA - Laborant",71
: Basofiilide arv 0.03 x 10 9/L [norm 0 - 0.2],71
"ANALÜÜSIDE TELLIMUS nr: <ANONYM id=""12"" type=""landline"" />",71
EKG-Holter'i monitooring,71
"ANALÜÜSIDE TELLIMUS nr: <ANONYM id=""21"" type=""landline"" />",71
"I. <ANONYM id=""0"" type=""per"" morph=""_H_ sg n""/> D00537 Haiguse anamnees / <ANONYM id=""1"" type=""per"" morph=""_S_ pl n""/>, NÄGEMINE : Pöördumise põhjus Silmasisese rõhu kontroll",71
"- NIELÄNDER, MAIRE",71
"Operatsioonid ""kitsa"" selgrookanali laiendamiseks nimme osas",71
- Suunatud AEK - i.,71
-  Võib töötada. Otsus     2  aastat,71
"ANALÜÜSIDE TELLIMUS nr: <ANONYM id=""25"" type=""landline"" />",70
"- ORAV, INGRID - Laborant",70
"- KANNISTE, KAREN",70
"ANALÜÜSIDE TELLIMUS nr: <ANONYM id=""16"" type=""landline"" />",70
"-  Nahk,limask puhtad, lümfisõlmi ei palpeeri,",70
Kontrollile.,70
Kaebused:,70
- D05449,70
Esmaabi.,70
"<ANONYM id=""2"" type=""per"" morph=""_H_ sg n;_H_ sg n""/>: Jätkab määratud raviga. Retsept.",70
Lameepiteelirakud: Normipärased lameepiteelirakud,70
Põletikurakud: Ektotserviksis vähe põletikurakke,69
"- KAARMA-TÕNNE, <ANONYM id=""3"" type=""per"" morph=""_H_ sg n""/> - D05838 - E380 - taastusravi ja füsiaatria",69
UH kõhust ja vaagnast,69
"<ANONYM id=""0"" type=""per"" morph=""_H_ sg n;_H_ sg n""/>: Reumatoloog.",69
"Põletikurakud: ektotserviksis vähe põletikurakke, endotserviksis vähe põletikurakke",69
Röntgeniülesvõte põlveliigesest 2-s suunas,68
"- UDU, IRINA - Laborant",68
"- HÕLPUS, KAIE - Laborant",68
: HDL kolesterool 1.3 mmol/l [norm 1.0 - ...],68
Kood ja nimetus: 66800 Hematoksüliin-eosiin värvinguga biopsiamaterjali uuring (1 blokk) Põhjendus: Histoloogiline uuring Kirjeldus:,68
-  Suitsetamisest loobuda.,68
Konsultatsioon.,68
KORONAROGRAAFIA,68
- LÄHITÖÖKS / KUVARIGA TÖÖTAMISEL EI  VAJA PRILLE,68
7950 Kilpnäärme ultraheliuuring,68
Radioloogiline uuring,68
-  vt. haiguse kulg,68
"- KAARMA-TÕNNE, <ANONYM id=""4"" type=""per"" morph=""_H_ sg n""/> - D05838 - E380 - taastusravi ja füsiaatria",67
"Patsient on suunatud pulmonoloogi poolt, õe vastuvõtule.",67
: Lümfotsüütide abs arv 1.8 x 10 9/L [norm 1.3 - 3.6],67
"-  Välisgenitaalid anatoomil. iseärasusteta, tupp vaba, limaskest põletikuta, fluor vaginalis norm.  koguse ja värvusega, KOHneg,  , portio limaskest terviklik, uterus keskjoonel norm. kuju,suuruse ja liikuvusega, adnexide piirkk. ii., tupevõlvid kõrged, Promtov neg.",67
: Kreatiniin 61 mkmol/l [norm 45 - 84],67
: Lümfotsüütide abs arv 1.9 x 10 9/L [norm 1.3 - 3.6],67
"<ANONYM id=""0"" type=""per"" morph=""_H_ sg n;_H_ sg n""/>: Patsient pöördus telefoni teel kõrgvererõhutõve ravimite lõppemise tõttu. Patsiendi enesetunne ravi foonil on hea, puuduvad olulised kõrvaltoimed. Patsiendi ravikuulekus on hea, püüab järgida mittemedikamentoosse ravi soovitusi.",66
"- POLETAJEVA, TATJANA - Laborant",66
: HDL kolesterool 1.5 mmol/l [norm 1.0 - ...],66
Röntgeniülesvõte hüppeliigesest 2-s suunas,66
: HDL kolesterool 1.1 mmol/l [norm 1.0 - ...],66
Y60001 - Patoloogilise sarvaine eemaldamine,66
Rinnanäärme sektorresektsioon,66
Tagasikutse,66
"- TALJA, IJA - Spetsialist",66
"ANALÜÜSIDE TELLIMUS nr: <ANONYM id=""14"" type=""landline"" />",66
"- MARANDI, MERIKE",66
Kood ja nimetus: 66801 Operatsioonipreparaadi väljalõige koos makropreparaadi ja histoloogilise preparaadi kirjeldava diagnoosiga (kuni 3 blokki) Põhjendus: Histoloogiline uuring. Kirjeldus:,66
- Tsütoloogilise uuringu vastus:,65
"Arst: <ANONYM id=""6"" type=""per"" morph=""_Y_ ?;_H_ sg n""/> (D01378, E120)",65
: Basofiilide arv 0.02 x 10 9/L [norm 0 - 0.2],65
- D04278,65
-  Patsient soovib uuringu vastust.,65
Uuringuvisiit,65
Submukoosne konhotoomia,65
Emakakaela konisatsioon,65
Elektroonilise tellimuse mitte teostamine,65
- Laborant,65
-  Gün. kontroll  1 x aastas .,65
6320 Elektrokardiograafia,64
tuli kontrolli,64
- Pöördus ise.,64
"- NURK, ÜLLE - Laborant",64
-  Kaebusteta,64
ilma dünaamikata.,64
"- ORA, ENE - D05448",64
- D06001,64
: Gün tsüto uuringu dgn M00120 (NILM /negative for intraepithelial lesion or malignancy/),64
"- VALGEPEA, TAIMI",64
: Kreatiniin 57 mkmol/l [norm 45 - 84],64
TVL lõpetatud,64
- tuli analüüside vastustele,64
"- MEOS, ÜLLE - Laborant",64
: Aeroobne külv - tulemus Aeroobsete mikroobide kasvu ei esine.,64
"- MEOS, ÜLLE",64
- D05705,64
TAGASI KUTSUTUD,64
"- VÄHI, <ANONYM id=""4"" type=""per"" morph=""_H_ sg n""/> - N00532 - N500 - üldõendus",64
Põletikurakud: ektotserviksis vähe põletikurakke,64
Lülisamba nimmeosa KT (L1-L5-sakrum) natiivis,64
Kood ja nimetus: 66801 Operatsioonipreparaadi väljalõige koos makropreparaadi ja histoloogilise preparaadi kirjeldava diagnoosiga (kuni 3 blokki) Põhjendus: Histoloogiline uuring Kirjeldus:,63
Kaebusteta.,63
- Sotsiaaltöötaja,63
Röntgeniülesvõte randmest 2-s suunas,63
: Kreatiniin 67 mkmol/l [norm 45 - 84],63
-  Toitumissoovitused kõrge kolesteroolitaseme puhul veres!,63
Dünaamiline kontroll.,63
"<ANONYM id=""10"" type=""per"" morph=""_H_ sg n;_H_ sg n""/>:",63
: Kreatiniin 66 mkmol/l [norm 45 - 84],63
Korduv kontroll.,63
"Kood ja nimetus: 66802 Histoloogilise preparaadi 1 lisavärving (Giemsa, van Gieson) (1 klaas) Põhjendus: histoloogiline uuring Kirjeldus:",63
Pts dioodlaseri 2 protseduuril.,63
: Neisseria gonorrhoeae DNA Negatiivne,63
Hemogramm 5-osalise leukogrammiga,62
7551 - Ösofagogastroduodenoskoopia,62
Bronhoskoopia,62
"- MÜÜRSEPP, ANNELI - Laborant",62
C trachomatis DNA emakakaelas Negatiivne,62
"- KAARMA-TÕNNE, <ANONYM id=""2"" type=""per"" morph=""_H_ sg n""/> - D05838 - E380 - taastusravi ja füsiaatria",62
"- SILM, <ANONYM id=""5"" type=""per"" morph=""_H_ sg n""/> - D03564 - E110 - dermatoveneroloogia",62
"<ANONYM id=""0"" type=""per"" morph=""_A_ sg g""/> implantaadi eemaldamine",62
-  Nahk ja lim.kestad puhtad.,62
Röntgenoloogiliselt aktiivset kopsutuberkuloosi ei avastatud. Järeldus perearstile.,62
"<ANONYM id=""5"" type=""per"" morph=""_H_ sg n;_H_ sg n""/>:",62
- Üldseisund suhteliselt rahuldav.,62
"- VÄHI, <ANONYM id=""5"" type=""per"" morph=""_H_ sg n""/> - N00532 - N500 - üldõendus",62
Tuli kontrollile.,62
*Hüübimissüsteemi uuringud,61
: Kreatiniin 58 mkmol/l [norm 45 - 84],61
"-  Tupp puhas.Portio puhas.Emakas anteversios,norm.suurust,valutu. Adneksid bil.vabad.",61
"Põletikurakud: ektotserviksis mõõdukalt põletikurakke, endotserviksis mõõdukalt põletikurakke",61
Pindmiste naha ja nahaaluskoe tuumorite eemaldamine,61
: HDL kolesterool 1.0 mmol/l [norm 1.0 - ...],61
"Ultraheliuuring kõhu/vaagna piirkonnast, koos kuse/suguteedega",61
"- VÕSU, VARJE - Laborant",61
Nägemisteravus ei ole muutunud.,61
"-  Nahk puhas, lümfisõlmi ei palpeeri.",61
Tagasi kutsutud.,61
"<ANONYM id=""1"" type=""per"" morph=""_H_ sg n;_H_ sg n""/>: selgitusi haiguse ,ja ravi kohta",61
: Lümfotsüütide abs arv 1.7 x 10 9/L [norm 1.3 - 3.6],61
: Lümfotsüütide abs arv 1.5 x 10 9/L [norm 1.3 - 3.6],60
- D00846,60
- Kõrgharidusega laborispetsialist,60
- Jätkab eelnevat ravi.,60
: Lümfotsüütide abs arv 2.3 x 10 9/L [norm 1.3 - 3.6],60
"<ANONYM id=""0"" type=""per"" morph=""_H_ sg n;_H_ sg n""/>: KONTROLL",60
KEKG:,60
Pts dioodlaseri 3 protseduuril.,60
Erütrotsütaarsete antikehade sõeluuring kahe erütrotsüüdiga Ei ole avastatud,60
"<ANONYM id=""2"" type=""per"" morph=""_H_ sg n;_H_ sg n""/>: rets",59
"- VACHTEL, LIIDIA - Laborant",59
: Reumatoidfaktor <3.5 kU/L [norm ... - 15],59
: Kreatiniin 63 mkmol/l [norm 45 - 84],59
"Röntgenülesvõte vaagnast (otseülesvõte, AP)",59
SM õe vastuvõtt,59
7919 Röntgeniülesvõte alajäsemetest (kaks_ülesvõtet),59
Kood ja nimetus: 66800 Hematoksüliin-eosiin värvinguga biopsiamaterjali uuring (1 blokk) Põhjendus: Histoloogiline uuring. Kirjeldus:,58
D24 Per. ap. chr.,58
"; <ANONYM id=""8"" type=""per"" morph=""_H_ sg n""/>, <ANONYM id=""9"" type=""per"" morph=""_H_ sg n""/>:",58
"H. PAGI D01233 Haiguse anamnees : Üldseisund <ANONYM id=""0"" type=""per"" morph=""_A_ sg n""/>.",58
Küsimustik on koostatud aitamaks paremini mõista kui oluliselt teie seljavalu piirab teie võimekust igapäevaelus.,58
"- LINK, MARE",58
- kaebusteta,58
-  Paraneb tasapisi seenhaigusest.,58
6335 - KARDIOTOKOGRAAFILINE NON-STRESS-TEST,58
Vis,58
Röntgeniülesvõte labajalast 2-s suunas,58
: Leukotsüüdid 1 [norm ... - 2],58
"- TERANDI, REET - Laborant",58
"-  silmad punased, rähmased, sügelevad",58
- Suunatud perearsti poolt uuringule.,58
"-  Nahk puhas, turseta.",58
"K. ALASI D06550 Haiguse anamnees / <ANONYM id=""0"" type=""per"" morph=""_S_ pl n""/>, NÄGEMINE : Pöördumise põhjus tth",58
Menetlusradioloogia,58
PAP II,58
"<ANONYM id=""0"" type=""per"" morph=""_H_ sg in""/>, ELIISE:",58
"Kaebused taandunud. <ANONYM id=""1"" type=""per"" morph=""_S_ pl g""/> leid patol-ta.",58
- opto,57
: Lümfotsüütide abs arv 1.2 x 10 9/L [norm 1.30 - 3.60],57
Hemogramm viieosalise leukogrammiga,57
: a,57
-  Kontroll aasta pärast,57
: Kreatiniin 65 mkmol/l [norm 45 - 84],57
Soovib kontrollida sünnimärke.,57
"- KERMES, KADRI - D04278",57
Selgitused.,57
"- <ANONYM id=""6"" type=""per"" morph=""_H_ sg n""/>, ENN-JAAGUP - D00685 - E330 - pulmonoloogia",57
- P/v - gün staatus normis,57
- Kodune raviskeem:,57
: Basofiilide arv 0.00 x 10 9/L [norm 0 - 0.2],57
Kontroll,57
- Sotsiaaltöötaja konsultatsioon.,56
: Kreatiniin 59 mkmol/l [norm 45 - 84],56
: Kreatiniin 64 mkmol/l [norm 45 - 84],56
: Lümfotsüütide abs arv 2.2 x 10 9/L [norm 1.3 - 3.6],56
203 HPV-nakkuse vastu,56
Uroflow,56
Lameepiteelirakud: normipärased lameepiteelirakud,56
"- SILM, <ANONYM id=""4"" type=""per"" morph=""_H_ sg n""/> - D03564 - E110 - dermatoveneroloogia",56
Regulaarne jalgade hooldus.,56
Pts tuli dioodlaseri protseduurile,56
Pts suunatud Dr.Uusküla poolt suunatud laseri protseduuridele. Pts pole Gel. Metronidazoli välja ostnud,56
- soovib kontrollida,56
- Suunatud AEK-i,56
ANGIOGRAAFIA:,56
-  P/v - gün staatus normis,56
Ultraheliuuring kusepõiest residuaaluriini määramiseks,55
Lameepiteelirakud: Reaktiivsete muutustega lameepiteelirakke,55
"- MÄGI, VIIVE - Laborant",55
-  Antud tagasituleku aeg.,55
"- KAARMA-TÕNNE, <ANONYM id=""9"" type=""per"" morph=""_H_ sg n""/> - D05838 - E380 - taastusravi ja füsiaatria",55
- Tuli kontrollile.,55
"- Noormets, Marianne",55
"- KAARMA-TÕNNE, <ANONYM id=""7"" type=""per"" morph=""_H_ sg n""/> - D05838 - E380 - taastusravi ja füsiaatria",55
Pereõe vastuvõtt.,55
"- Kuiv, <ANONYM id=""0"" type=""per"" morph=""_H_ sg n""/> - D05063 - E240 - oftalmoloogia",55
"<ANONYM id=""2"" type=""per"" morph=""_H_ sg n;_H_ sg n""/>:",55
"- ARU, LY - D05449",55
"ANALÜÜSIDE TELLIMUS nr: <ANONYM id=""18"" type=""landline"" />",55
EEG ärkvel,55
"-  Tsütol. analüüs normis, kord aastas korrata tsütol.",55
Kood ja nimetus: F640203 Toonaudiomeetria Tartu Põhjendus: + Kirjeldus: Parem kõrv                         Vasak kõrv,55
: NRBC% 0.0 /100WBC,54
"- Titova, Jelena",54
Pts dioodlaseri viimasel protseduuril,54
"ANALÜÜSIDE TELLIMUS nr: <ANONYM id=""5"" type=""mobile"" />",54
- korduvale taastusravile,54
: Kreatiniin 69 mkmol/l [norm 45 - 84],54
- pt. enesetunne rahuldav. Kurguleid normis. Lubatud kodusele ravile rahuldavas üldseisundis.,54
Korduv kontroll.,54
: Lümfotsüütide abs arv 2.9 x 10 9/L [norm 1.30 - 3.60],54
"Artroskoopiline operatsioon (v.a menisk, resektsioon, vabakehad)",54
: Kreatiniin 68 mkmol/l [norm 45 - 84],54
"- HEEK, VIVIAN - Laboriarst",54
"-  õde <ANONYM id=""0"" type=""per"" morph=""_H_ sg n;_H_ sg n""/>:",54
"ANALÜÜSIDE TELLIMUS nr: <ANONYM id=""27"" type=""landline"" />",53
-  Spermaanalüüs.,53
"- Kuiv, <ANONYM id=""1"" type=""per"" morph=""_H_ sg n""/> - D05063 - E240 - oftalmoloogia",53
"<ANONYM id=""12"" type=""per"" morph=""_H_ sg n;_H_ sg n""/>:",53
: ESR (EDTA) 2 mm/h [norm ... - 20],53
Kood ja nimetus: R790301 Röntgeniülesvõte rindkere piirkonnast (üks ülesvõte) TTH Põhjendus: prof. Kirjeldus: RÖ - GRAMM KOPSUDEST:,53
Subj. kaebusteta.,53
: Lümfotsüütide abs arv 2.4 x 10 9/L [norm 1.3 - 3.6],53
: Lümfotsüütide abs arv 2.8 x 10 9/L [norm 1.30 - 3.60],53
Protrombiini kompleks,53
"<ANONYM id=""2"" type=""per"" morph=""_H_ sg n;_H_ sg n""/>: ACC vaj.",53
Arütmiate raadiosageduslik kateeterablatsioon,53
ANALÜÜSIDE VASTUSED:,53
- Taastusravi 2x aastas.,53
Radioloogiline uuring,53
Raseduse ultraheliuuring (abdominaalne),53
37 Per Chr,53
Endoskoopia,53
: Kreatiniin 56 mkmol/l [norm 45 - 84],53
"Kaebused taandunud. <ANONYM id=""2"" type=""per"" morph=""_S_ pl g""/> poolt leid patoloogiata.",53
"- MARTSEP, MOONIKA",53
"ANALÜÜSIDE TELLIMUS nr: <ANONYM id=""24"" type=""landline"" />",52
-  Kaebusi ei ole.,52
Suunati perearsti poolt.,52
-  Pöördus Ise.,52
RASEDUSE ANDMED,52
Jätkab ravi,52
"<ANONYM id=""7"" type=""per"" morph=""_H_ sg n;_H_ sg n""/>:",52
Tsütoloogia,52
Kood ja nimetus: 66800 Hematoksüliin-eosiin värvinguga biopsiamaterjali uuring (1 b Põhjendus: perh Kirjeldus: Kliinilised diagnoosid,52
7916 - Röntgeniülesvõte ülajäsemetest (kaks ülesvõtet),52
HPV DNA paneel,52
"<ANONYM id=""2"" type=""per"" morph=""_H_ sg n;_H_ sg n""/>: veri",52
KOKKUVÕTE:,52
Appendektoomia ägeda appenditsiidi puhul McBurney'i lõikega,52
"- <ANONYM id=""2"" type=""per"" morph=""_H_ sg n""/>, VAALJA - D01701 - E370 - sünnitusabi ja günekoloogia",51
"- <ANONYM id=""9"" type=""per"" morph=""_H_ sg n""/>, ENN-JAAGUP - D00685 - E330 - pulmonoloogia",51
Kontrolli.,51
Tsütoloogiliselt maliigsuse tunnusteta,51
- Postop.periood tüsistusteta,51
- RR ja PS jalgimine,51
"ANALÜÜSIDE TELLIMUS nr: <ANONYM id=""30"" type=""landline"" />",51
Enesetunne paranenud.,51
"- VALDAS, TATJANA - Laborant",51
Kood ja nimetus: 66801 Operatsioonipreparaadi väljalõige koos makropreparaadi ja histoloogilise preparaadi kirjeldava diagnoosiga (kuni 3 blokki) Põhjendus: perh Kirjeldus: Kliinilised diagnoosid,51
"- SÄDEMETS, MERIKE - Laborant",51
"- <ANONYM id=""5"" type=""per"" morph=""_H_ sg n""/>, VAALJA - D01701 - E370 - sünnitusabi ja günekoloogia",51
Soovib sünnimärke kontrollida.,50
OPTG.,50
"- MARANDI, MERIKE",50
"- Lukina, Irina - Laborant",50
- tuli analüüside vatsustele,50
Põletikurakud: Ektotserviksis mõõdukalt põletikurakke,50
- Y0178 - E380 - taastusravi ja füsiaatria,50
"Rindkere, kõhu ja vaagna KT kontrastainega",50
Raseduse ultraheliuuring loote morfoloogia detailseks hindamiseks (II trimester),50
Spirogramm: normis,50
"- LIPP, LIIA - Laborant",50
Funktsionaalsed oskused ja motoorse soorituse tase,50
refr,50
Tagasikutse.,50
Jalgade regulaarseks hoolduseks.,50
Rö.loogiliselt kopsudes inf. koldelisi muutusi ei näe.,50
Mastektoomia Patey j.,50
-  Tööstaaž: praegu töötab  .,50
"- TAGEN, INGRID - Laborispetsialist",49
Prolapsus disci?,49
- Nõustamine,49
"Kood ja nimetus: 66802 Histoloogilise preparaadi 1 lisavärving (Giemsa, van Gieson) (1 klaas) Põhjendus: Histoloogiline uuring Kirjeldus:",49
EKG MÕÕTMISE TULEMUSED,49
"- <ANONYM id=""3"" type=""per"" morph=""_H_ sg n""/>, SIIRI-MERIKE - D04745 - E230 - neuroloogia",49
Funktsionaalne endoskoopiline antrostoomia,49
"soovitataud 46 ekstraheedia, juured eraldi, all põletik",49
"- JOOST, ELLA - Spetsialist",49
"ANALÜÜSIDE TELLIMUS nr: <ANONYM id=""9"" type=""mobile"" />",49
Protrombiini kompleks,49
"<ANONYM id=""0"" type=""per"" morph=""_H_ sg n;_H_ sg n""/>: Düsuurilised vaevused. Valu alakõhus, põie piirkonnas. Urineerimine valulik, sage, uriini kogus väike.",49
"- <ANONYM id=""0"" type=""per"" morph=""_S_ sg n""/>, Maile - D07393 - E270 - otorinolarüngoloogia",48
"ANALÜÜSIDE TELLIMUS nr: <ANONYM id=""20"" type=""landline"" />",48
-  Võib töötada. Otsus 1 aasta.,48
- I POP,48
: Lümfotsüütide abs arv 1.4 x 10 9/L [norm 1.3 - 3.6],48
: NRBC 0.00 x 10 9/L,48
: Kreatiniin 71 mkmol/l [norm 45 - 84],48
-  tervisesport,48
"haiglast lahkudes pt saab igapäevaste toimingutega iseseisvalt hakkama. Objektiivselt vasakpoolne hemiparees, hemiataksia. Vasakpoolse ülajäseme õlaliigese fleksiooni aktiivne liikuvus piiratud pole, abduktsioon 120kraadi. Lihasjõud vasakpoolses ülajäsemes õlaliigese fleksioonil/abduktsioonil 4, küünarliigese fleksioonil 4, ekstensioonil 4+. Seliliasendis tõstab sirget jalga 45kraadi, lihasjõud 3+, istuvas asendis põlveliigese ekstensioonil lihasjõud 4+, fleksioonil 4. Lihastoonus MAS-i järgi küünarliigese painutajates 2+, plantaarfleksorites 4, põlveliigese painutajates/sirutajates1+. Lühemaid maid kõnnib ilma toeta, pikema maa läbimisel kasutab ühepoolset tuge(küünarkark). Kõnnimuster spastilis-ataktiline, vasak alajäse puusaliigesest väljapoole roteerunud, põlveliigese fleksioon puudulik, käsi painutuspoosis. 6min kõnnitestiga läbib 215 meetrit. 10m kõnnitest ilma toeta 14 sekundit, toega 16 sekundit. Käte koordinatsioonitest 9HP vas 51,5 sekundit. Käte dünamomeetria par 26, vas 11.  Järeldus: 03-07; 9-10.01 7x7041 kõnnitreening neljaharulise kepiga,  koordinatsiooni- ja tasakaaluharjutused, peenmotoorsed ja käelised tegevused, süvalihaste aktiviseerimine, spastiliste lihasrühmade venitusharjutused.",48
: Hematoloogia,48
RUH+ j__kuriin RUH+ jääkuriin,48
Gastroskoopia Gastroskoopia,48
"- <ANONYM id=""4"" type=""per"" morph=""_H_ sg n""/>, SIIRI-MERIKE - D04745 - E230 - neuroloogia",48
Vere võtmine analüüsideks,48
"- KÄNNASTE, LIIA",48
"- MÖLTER, ENDA",48
Videolarüngoskoopia,48
Füsioteraapia individuaalne (kestus 30 min),48
Spirogramm: normis,48
: Kreatiniin 54 mkmol/l [norm 45 - 84],47
: Silinderepiteeli kirjeldus Silinderepiteel patoloogiata.,47
- Y0165 - E380 - taastusravi ja füsiaatria,47
Esmaabi,47
"- VIITKAR, MARGIT - Sekretär",47
"<ANONYM id=""0"" type=""per"" morph=""_H_ sg n;_H_ sg n""/>: Patsient pöördus telefoni teel krooniliste haiguste ravimite lõppemise tõttu. Patsiendi enesetunne ravi foonil on hea, puuduvad olulised kõrvaltoimed. Patsiendi ravikuulekus on hea, püüab järgida mittemedikamentoosse ravi soovitusi.",47
-  KORRALISE kontrolli glaukoomi haiguse tõttu,47
41-45 Par gravis,47
MRT seljaaju ja kaelapiirkonnast,47
Pts krüoteraapia kordus protseduuril.,47
"-  P/v - tupp, portio puhas, em ja adn iseärasusteta",47
-  Tuli kontrolli,47
"Ingvinaalsete, aksillaarsete lümfis. eemald.",47
"- KOPP, MAIE - Laborant",47
"-  Õde: <ANONYM id=""0"" type=""per"" morph=""_H_ sg g;_H_ sg n""/>",46
: Biokeemia,46
Uriini külv,46
T/l lõpetada,46
-  Nägemine,46
Anamnees:,46
"- ANIJÄRV, KERSTI - Laborant",46
- D05024,46
Diatermokoagulatsioon.krüoteraapia,46
"-  Analüüsid normis, jätkab ravi.",46
Folliikulite punktsioon,46
: Kreatiniin 55 mkmol/l [norm 45 - 84],46
Kood ja nimetus: R790301 Röntgeniülesvõte rindkere piirkonnast (üks ülesvõte) TTH Põhjendus: Prof. Kirjeldus: RÖ - GRAMM KOPSUDEST:,46
"- SILM, <ANONYM id=""6"" type=""per"" morph=""_H_ sg n""/> - D03564 - E110 - dermatoveneroloogia",46
"Arst: <ANONYM id=""5"" type=""per"" morph=""_Y_ ?;_H_ sg n""/> (D01378, E120)",45
"- REINUMÄGI, ANNIKA",45
"- LAAK, LY - Laborant",45
Pts dioodlaseri protseduuril.,45
"- KORSJUKOV, REET - Laborant",45
"<ANONYM id=""2"" type=""per"" morph=""_S_ sg n;_S_ sg el""/>:",45
"ANALÜÜSIDE TELLIMUS nr: <ANONYM id=""29"" type=""landline"" />",45
Kiiritusravi simulatsioon,45
-  Konsultatsioon,45
joogid. Kurgupihustid.,45
"<ANONYM id=""2"" type=""per"" morph=""_H_ sg n;_H_ sg n""/>: Jätkab sama ravi.",45
-  emakakael-N,45
31-34 Par gravis,45
- D01463; E120 - endokrinoloogia,45
ANALÜÜSIDE TELLIMUS,45
"- Allik, Merle - D04280",45
Pts dioodlaseri 2 protseduuril. Talub ravi hästi.,45
"- <ANONYM id=""2"" type=""per"" morph=""_H_ sg n""/>, PIIA-HEIDI - D00968 - E430 - hambaravi",45
Röntgeniülesvõte rindkerest 2-s suunas,45
- Soovib kontrollida sünnimärgit.,45
Kordusvisiit. Kaebusteta.,44
: Vere võtmine analüüsideks,44
Õla- ja põlveliigese sidemete taastamine artrosk,44
Luutiheduse uuring,44
visus:,44
"- <ANONYM id=""8"" type=""per"" morph=""_H_ sg n""/>, ENN-JAAGUP - D00685 - E330 - pulmonoloogia",44
alalõug,44
"<ANONYM id=""2"" type=""per"" morph=""_H_ sg n;_H_ sg n""/>: Vereanalüüsid",44
-  Küüned varvastel veel osaliselt mükootiliselt kahjustunud.,44
"- <ANONYM id=""1"" type=""per"" morph=""_H_ sg n""/> test näitas vähenenud riski kromosomaalseks patoloogiaks, preeklampsiaks, üsasiseseks kasvupeetuseks, kaasasündinud loote südameriketele ja neuraaltoru patoloogiale.",44
Totaalne endoproteesimine puusaliigesel,44
Objektiivne leid. parema päka all hüperkeratootiline endofüütse kasvuga moodustis.,44
"ANALÜÜSIDE TELLIMUS nr: <ANONYM id=""31"" type=""landline"" />",44
"- KARJA, KAIA - Spetsialist",44
- z,44
: Lümfotsüütide abs arv 3.0 x 10 9/L [norm 1.30 - 3.60],44
GFR. GFR.,44
Kood ja nimetus: 66807 Papanicolaou meetodil tehtud ja skriinija  poolt hinnatud günekotsütoloogiline uuring (1 lokalisatsioon) Põhjendus: PERH Kirjeldus: Kliinilised diagnoosid,44
Võetud rasedusega arvele.,44
"Pt.-lotsmikul, põskedel, lõual üksikud  punetavad  paapulid. Kaebab põskedel "" põlemistunnet"", anamneesis  neeru patoloogia,mistõttu süsteemset a/bakteriaalset  ravi  ei saa määrata. Jätkab  lokaalselt: Metronidazol past ööseks, päeval",44
Kaeb: vistrikud.,44
"Pt-l lõual intensiivne  naha  sügelemine, punetaval foonil punetavad paapulid, üksikid  pustulid.",44
Pulmonoloogiaõe esmane vastuvõtt,44
"- KAARMA-TÕNNE, <ANONYM id=""10"" type=""per"" morph=""_H_ sg n""/> - D05838 - E380 - taastusravi ja füsiaatria",43
Kood ja nimetus: 7551 Ösofagogastroduodenoskoopia Põhjendus: uuring Kirjeldus:,43
: Leukotsüüdid <1 [norm ... - 2],43
: Lümfotsüütide abs arv 2.6 x 10 9/L [norm 1.3 - 3.6],43
Röntgeniülesvõte nimmelülidest 2-s suunas,43
Pts näonaha punetuse tõttu dioodlaseri protseduuril,43
- LÄHITÖÖKS / KUVARIGA TÖÖTAMISEL VAJAB PRILLE,43
"<ANONYM id=""14"" type=""per"" morph=""_H_ sg n;_H_ sg n""/>:",43
"- ALA, SIGNE",43
"<ANONYM id=""0"" type=""per"" morph=""_H_ sg n;_H_ sg n""/>: Patsient pöördus telefoni teel krooniliste haiguste ravimite lõppemise tõttu. Patsiendi enesetunne ravi foonil on hea, puuduvad olulised kõrvaltoimed. Patsiendi ravikuulekus on hea, püüab järgida mittemedikamentoosse ravi soovitusi. Vajalikud uuringud tehtud teises raviasutuses.",43
-  Olemasolevate andmete alusel võib töötada.,43
"- ODIJANENKO, NIINA",43
"-  Nahk ja lim.kestad puhtad. Südametoonid puhtad, regulaarsed.",43
"- PRIIMÄGI, TIINA",43
"17., 2.os.",43
"- KAARMA-TÕNNE, <ANONYM id=""11"" type=""per"" morph=""_H_ sg n""/> - D05838 - E380 - taastusravi ja füsiaatria",43
: HDL kolesterool 1.7 mmol/l [norm 1.0 - ...],43
21-25 Par gravis,43
"<ANONYM id=""0"" type=""per"" morph=""_S_ sg n;_S_ sg n""/>:",43
BRONHOSKOOPIA,43
- Hemogramm 5-osalise leukogrammiga,43
Ingvinaalherniatoomia teistel meetoditel,43
"-  <ANONYM id=""0"" type=""per"" morph=""_H_ sg n""/>. ravi lõpetatud.",43
"- Kõht pehme, valutu. Maks pole palpeeritav.",43
"- SOVA, HELLE - Laborispetsialist",42
Elektrokardiograafia koormustest,42
Kusepõie limaskest pat. leiuta.,42
"Patsient on suunatud pulmonoloogi poolt, õe vastuvõtule.",42
TVT Peaaju tavaline magnetuuring natiivis,42
- Y0026 - E380 - taastusravi ja füsiaatria,42
"<ANONYM id=""0"" type=""per"" morph=""_H_ sg n;_H_ sg n""/>: Patsient pöördus kõrgvererõhutõve ravimite lõppemise tõttu. Patsiendi enesetunne ravi foonil on hea, puuduvad olulised kõrvaltoimed. Patsiendi ravikuulekus on hea, püüab järgida mittemedikamentoosse ravi soovitusi.",42
- D04696,42
"-  Jälgimine, vajadusel kordusvisiit.",42
"<ANONYM id=""3"" type=""per"" morph=""_H_ sg n;_H_ sg n""/>: UURINGUD  ¤ AS  Järvamaa Haiglas :",42
D46 Periodontitis apicalis chronica,42
Kilpnäärme funktsioon on normis.,42
"I. <ANONYM id=""0"" type=""per"" morph=""_H_ sg n""/> D00537 Haiguse anamnees / <ANONYM id=""1"" type=""per"" morph=""_S_ pl n""/>, NÄGEMINE : Pöördumise põhjus Nägemise kontroll, Nägemise halvenemine, Silmasisese rõhu kontroll",42
D36 Periodontitis chronica,42
Diagnoos: K04.5 Krooniline apikaalne periodontiit,42
"ANALÜÜSIDE TELLIMUS nr: <ANONYM id=""22"" type=""landline"" />",42
Kaebusteta,42
"- MEOS, ÜLLE",42
Pts tekkis ägenemine. Saanud Medicumis Tab. Doxylani ja lokaalselt Cr. Rozex paranes,42
EKG,42
: Kreatiniin 51 mkmol/l [norm 45 - 84],42
Hemogramm 5-osalise leukogrammiga,42
Kaebusteta.,42
7900 - Röntgeniülesvõte peapiirkonnast (üks ülesvõte),41
- Kõht - N.,41
"- PRIIMÄGI, TIINA - Laborant",41
Uriini ribaanalüüs,41
"ANALÜÜSIDE TELLIMUS nr: <ANONYM id=""33"" type=""landline"" />",41
"- PRIIMÄGI, TIINA - Vanemlaborant",41
Transformatsiooni tsoon			Lameepiteeli metapla,41
Kirurgil operatsioon sisestamata,41
tuleb analüüsideks enne ravi alustamist.,41
- Kaebusi ei ole,41
"<ANONYM id=""2"" type=""per"" morph=""_H_ sg p;_H_ sg n""/>: Jätkab ravi",41
-  jätkab ordineeritud ravi,41
"ANALÜÜSIDE TELLIMUS nr: <ANONYM id=""11"" type=""mobile"" />",41
"tehtud SKG,PTKA",41
"<ANONYM id=""2"" type=""per"" morph=""_H_ sg n;_H_ sg n""/>: Vereanalüüsid",41
-  pt. tuli analüüside vastuseid saama,41
: IG 0.02 x 10 9/L [norm ... - 0.06],41
: HDL kolesterool 1.8 mmol/l [norm 1.0 - ...],41
Alalõug,41
Jalgade hooldus.,41
: Kreatiniin 52 mkmol/l [norm 45 - 84],41
66800 - Hematoksüliin-eosiin värvinguga biopsiamaterjali uuring (1 blokk),41
"- PALU, ERE",41
ANALÜÜSIDE TELLIMUS,41
"- <ANONYM id=""7"" type=""per"" morph=""_H_ sg n""/>, VAALJA - D01701 - E370 - sünnitusabi ja günekoloogia",41
- D04229; E120 - endokrinoloogia,41
"ANALÜÜSIDE TELLIMUS nr: <ANONYM id=""6"" type=""mobile"" />",41
"11-14 Par gravisInf anest Sol ubistesini 1,7 ml*2",41
-  kontroll 1 a. pärast,41
d46 Period.ap.chr.,41
- Üldseisund: hea,41
"-  Välisg. anatoomil. iseärasusteta, tupe lk. atroofiline, portio lk. terve, uterus väike, liikuv valutu, adnexide piirkk. ii.,",41
"- <ANONYM id=""3"" type=""per"" morph=""_H_ sg n""/>, PIIA-HEIDI - D00968 - E430 - hambaravi",41
Tümpanomeetria,40
Uroloogilised,40
"- TEDER, TIINA - Laborant",40
"- SAAR, ERIKA - Laborant",40
: Lümfotsüütide abs arv 1.3 x 10 9/L [norm 1.3 - 3.6],40
MRT peapiirkonnast,40
- ..,40
"- <ANONYM id=""0"" type=""per"" morph=""_H_ sg n""/>, ENE-RENATE - D05165 - E430 - hambaravi",40
- Spiromeetria:,40
"- kui kaebusi ei ole, siis kontroll ca 1 aasta pärast",40
Pt vastuvõtul - ei ole saanud välja osta metronidazool geeli - uuendan retsepti (pt saav laserraviga jätkata alles jaanuaris).,40
Kaebused:,40
-  kontroll 6 kuu pärast,40
"Kood ja nimetus: 66802 Histoloogilise preparaadi 1 lisavärving (Giemsa, van Gieson) (1 klaas) Põhjendus: Histoloogiline uuring. Kirjeldus:",40
Radioloogiline uuring,40
: CRP <0.12 mg/L [norm ... - 10],40
6340 - Täismahus ehhokardiograafia,40
"- PRISKE, REET - Andmesisestaja",40
"MTH röntgeniülesvõte rindkerest (otseülesvõte, AP) (lamades)",40
Ultraheliuuring raseduse hindamiseks (NT mõõtmiseks),40
"- Herne, Viive",40
"Rindkere, kõhu ja vaagna KT natiivis ja kontrastainega",40
: Kreatiniin 70 mkmol/l [norm 45 - 84],40
- D05705,40
Prof. kontroll.,40
-  Myopia,40
"; <ANONYM id=""2"" type=""per"" morph=""_Y_ ?""/>, <ANONYM id=""3"" type=""per"" morph=""_H_ sg n""/>:",40
KVT Põlveliigese magnetuuring,40
"- NIELÄNDER, MAIRE",40
"<ANONYM id=""2"" type=""per"" morph=""_S_ sg n;_S_ sg el""/>:",40
"ANALÜÜSIDE TELLIMUS nr: <ANONYM id=""13"" type=""mobile"" />",40
: Valk NEG [norm NEG - ...],40
"- MÜÜRSEPP, ANNELI",40
Epifarüngoskoopia,40
"ANALÜÜSIDE TELLIMUS nr: <ANONYM id=""37"" type=""landline"" />",40
Raviplaan. OPTG.,40
# LISAN: AS JÄRVAMAA HAIGLAS  TEOSTATUD UURINGUTE JA  LABORI  ANALÜÜSIDE  VASTUSED:,40
"- REIMAA, RUTH",40
- Y0134 - E380 - taastusravi ja füsiaatria,40
- D06263; E330 - pulmonoloogia,40
"- <ANONYM id=""5"" type=""per"" morph=""_H_ sg n""/>, SIIRI-MERIKE - D04745 - E230 - neuroloogia",39
"-  Soovitav regulaarne ülgfüüsiline treening ja ujumine. Massaaž kaela-õlavöötme-kätele, seljale (10 korda 2 korda aastas).",39
Hemogramm 5-osalise leukogrammiga,39
- Saadetud.,39
"- VAIDE, MAARJA",39
"- VAHUR, MAIE",39
- Infektsionist,39
Pereõe nõustav vastuvõtt.,39
"- <ANONYM id=""4"" type=""per"" morph=""_H_ sg n""/>, VAALJA - D01701 - E370 - sünnitusabi ja günekoloogia",39
"Alalõug. Inf anest Sol Ubistesini 1,7 ml*2",39
d36 Period.ap.chr.,39
: Lameepiteel 1 [norm ... - 2],39
- D03524,39
Soovib sünnimärke näidata.,39
-  väljastatud retsept,39
"S,P-Na 140 (136 .. 145 mmol/L )",39
-  Meremehe tervisekontrolli arstlik läbivaatus ja terviseuuringud:,39
"ANALÜÜSIDE TELLIMUS nr: <ANONYM id=""26"" type=""landline"" />",39
-  Kontroll 1 kord aastas,39
ESMAABI,39
"- ALA, SIGNE - Laborant",39
- D03940,39
: Peitveri roojas Negatiivne,38
: Mikroobid +,38
KÕRGENENUD KOLESTEROOLISISALDUSE DIEETRAVI,38
Stsintigraafia,38
D36 Per. ap. chr.,38
Suunas perearst.,38
"- Kuiv, <ANONYM id=""3"" type=""per"" morph=""_H_ sg n""/> - D05063 - E240 - oftalmoloogia",38
-  Välissuguelundid -ii .,38
7912 Röntgeniülesvõte_vaagnapiirkonnast (üks_ülesvõte),38
-  .: Auskultatsioonil bilateraalselt vesikulaarne hingamiskahin.,38
Telefonikontakt.,38
Haavaravi ja hooldus.,38
K04.5 Krooniline apikaalne periodontiit,38
"Vis od-1,0",38
Põletikurakud: Vähe segapõletiku rakke,38
"<ANONYM id=""2"" type=""per"" morph=""_Y_ ?;_H_ sg n""/>: Uuendatud retsept.",38
-  Sol. Xalatani x1 õhtul mõlemasse silma,38
konsultatsioon,38
- Ninahingamistakistus,38
- D04741; E230 - neuroloogia,38
- patsient soovib teada analüüside vastused,38
RR Holter RR Holter,38
"; <ANONYM id=""2"" type=""per"" morph=""_H_ sg n""/>, <ANONYM id=""3"" type=""per"" morph=""_Y_ ?""/>:",38
"-  PV: Välisgenitaalid ii.Tupes norm valgevoolus. Emakakael puhas. Emakas anteversioonis, norm suurusega, vaba, valutu. Adneksid bilateraalselt vabad, valutud.",38
: MPV 9.8 % [norm 5.0 - 12.0],38
Pts dioodlaseri kordusprotseduuril,38
KVT Peaaju tavaline magnetuuring natiivis,38
Ühepoolne varikektoomia saphenektoomiaga,38
7551 Ösofagogastroduodenoskoopia,38
KIRJELDUS,38
Pts oli viirus infektsioonis ja tekkis taas ägenemine,38
pärast nõusolekut ja ettevalmistust opereeritud.,38
ERAKOR!,38
Ultraheliuuring transperineaalselt ureetra hindamiseks,38
"<ANONYM id=""0"" type=""per"" morph=""_H_ sg g;_Y_ ?""/>:",38
- PPI,37
Kaebusteta,37
Ravi talub hästi.,37
Kordusvisiit.,37
Vererõhu Holter'i monitooring,37
"-    Regulaarsed puhkepausid sirutus- venitus harjutustega.  <ANONYM id=""0"" type=""per"" morph=""_S_ pl all""/> harjutused..Tervise sport.",37
- Analüüsid korras.,37
Jalgade hoolduseks.,37
: Kreatiniin 53 mkmol/l [norm 45 - 84],37
Analüüsid korras.,37
Põletikurakud: ektotserviksis mõõdukalt põletikurakke,37
Füsioteraapia aruanne,37
Neisseria gonorrhoeae DNA Negatiivne,37
"- ORA, ENE - D05448",37
-  Väljastatud retsept.,37
- AEK.,37
"- MAASING, MARGIT",37
: Lümfotsüütide abs arv 1.2 x 10 9/L [norm 1.3 - 3.6],37
"Invitreaalne Avastini süst paremal silmal. <ANONYM id=""2"" type=""per"" morph=""_S_ pl g""/> piirkond puhastatud 0,5 % kloorheksidiini-piiritusega, kaetud steriilse linaga. Konj.kotti loputatud 0,75 % povidon-joodi lahusega 90 sekundi vältel. Lok.tuimestus Gtt.Alkaini.Üleval temporaalsel pars plana piirkonda süstitud 0,5 ml Avastini intravitreaalselt. Ung. Tobrex",37
- D05716; E120 - endokrinoloogia,37
"- KRIISA, ELLEN - Laborant",37
joogid. Kurgupihustid. Nohuravi,37
"S,P-Na 141 (136 .. 145 mmol/L )",37
Uriini külv,37
REUMATOLOOG,37
- N500 - üldõendus,36
- Tagasi neuroloogile.,36
"alginaadid, dgm mudelid, näokaar.",36
"<ANONYM id=""0"" type=""per"" morph=""_H_ sg n;_D_ ""/>:",36
"- SILM, <ANONYM id=""7"" type=""per"" morph=""_H_ sg n""/> - D03564 - E110 - dermatoveneroloogia",36
: Kreatiniin 72 mkmol/l [norm 45 - 84],36
"-  Kontroll 3 kuu pärast. Sama ravi edasi. <ANONYM id=""0"" type=""per"" morph=""_S_ sg tr""/> kunstpisarad",36
-  Ravi ei vaja,36
"- VOINOROVICA, JELIZAVETA",36
: Lümfotsüütide abs arv 1.1 x 10 9/L [norm 1.30 - 3.60],36
Diagn.vōi ravi eesmärgil teost.organi#ōōne punkts.,36
"<ANONYM id=""0"" type=""per"" morph=""_H_ sg n;_H_ sg n""/>: ETAPPEPIKRIIS TSK TARBEKS",36
"- RAATS, SANDRA - Sekretär",36
"-  Nahk ja lim.kestad puhtad . Südametoonid puhtad, regulaarsed.",36
Kood ja nimetus: 7016 Ravivõimlemisseanss ühele haigele (kestus 30 min) Põhjendus: M47.8 Muu spondüloos,36
"ANALÜÜSIDE TELLIMUS nr: <ANONYM id=""32"" type=""landline"" />",36
: Lümfotsüütide abs arv 2.5 x 10 9/L [norm 1.3 - 3.6],36
Kõhu ja vaagna KT natiivis ja kontrastainega (parenhümatoosses faasis),36
- Kaebusteta,36
"- D05142 - E440 - suu-, näo- ja lõualuukirurgia",36
7956 - Kõhupiirkonna ultraheliuuring,36
PT-INR,36
-  Sol Dexa-Chlorae skeemi järgi,36
- D00735,36
-  Pöördub oma ämmaemanda või günekoloogi poole,36
Pts suunatud Dr. T. Kuke poolt dioodlaserisse,36
"- <ANONYM id=""7"" type=""per"" morph=""_H_ sg n""/>, SIIRI-MERIKE - D04745 - E230 - neuroloogia",36
Histoloogia,36
- Jätkata kodus RKK.,36
"16,17",36
KVT Seljaaju ja lülisamba kaelaosa magnetuuring natiivis,35
- II POP,35
: Lümfotsüütide abs arv 1.0 x 10 9/L [norm 1.30 - 3.60],35
"ANALÜÜSIDE TELLIMUS nr: <ANONYM id=""28"" type=""landline"" />",35
mikroalbuminuu mikroalbuminuuriatest,35
Perearst saadab astma kahtlusel.,35
"- KIRSS, TIINA - Laborant",35
"<ANONYM id=""5"" type=""per"" morph=""_H_ sg n;_H_ sg n""/>: UURINGUD  ¤ AS  Järvamaa Haiglas :",35
: Basofiilide arv 0.04 x 10 9/L [norm 0 - 0.2],35
: MPV 9.5 % [norm 5.0 - 12.0],35
"Põletikurakud: ektotserviksis rohkelt põletikurakke, endotserviksis mõõdukalt põletikurakke",35
"- KERMES, KADRI - D04278",35
- D06001,35
"- KÄNNASTE, LIIA",35
Raseduse ultraheliuuuring koos loote värvidoppleriga,35
- Y0129 - E380 - taastusravi ja füsiaatria,35
"<ANONYM id=""16"" type=""per"" morph=""_H_ sg n;_H_ sg n""/>:",35
14 Car sec,35
"- ANSIP, INKERI - Laborant",35
Saabub sünnitusosakonda oodatava II sünnitusega.,35
Rekonstruktiivne operatsioon opereeritud mao liittüsistuste korral,35
-  Refraktomeetria:,34
- N12534,34
"ANALÜÜSIDE TELLIMUS nr: <ANONYM id=""35"" type=""landline"" />",34
"- PUNAB, <ANONYM id=""7"" type=""per"" morph=""_H_ sg n""/> - D01920 - E410 - uroloogia",34
- EMO valvearst:,34
- ravi olemas,34
"; <ANONYM id=""7"" type=""per"" morph=""_H_ sg n""/>, <ANONYM id=""8"" type=""per"" morph=""_H_ sg n""/>:",34
vajab ravi 47 45,34
"- Kontrolli  1-1,5 aasta pärast",34
Emaka ekstirpatsioon koos adneksidega,34
SPECT,34
: Kreatiniin 74 mkmol/l [norm 45 - 84],34
Töövõimetusleht lõpetatud.,34
- M00089,34
RÖ põlveliigesest 2-s,34
tagahammaste tõstmine,34
: Kreatiniin 73 mkmol/l [norm 45 - 84],34
46 Periodontitis chr.,34
7956 Kõhupiirkonna ultraheliuuring,34
SM õe telefoninõustamine,34
: Nõustatud.,34
- Neuroloog:,34
"<ANONYM id=""4"" type=""per"" morph=""_H_ sg n;_H_ sg n""/>: analüüsid",34
"<ANONYM id=""4"" type=""per"" morph=""_H_ sg n;_H_ sg n""/>: UURINGUD  ¤ AS  Järvamaa Haiglas :",34
"<ANONYM id=""0"" type=""per"" morph=""_H_ sg n""/> ŽARKOVSKI:",34
Laparaskoopiline hüsterektoomia,34
"- tsüto,PCR",34
"-  Kontroll x 1 aastas koos tsütoloogia võtmisega, lok. ravi ei vaja, kuna pts. kaebustevaba",34
- Pöördub vajadusel.,34
- D06315; E380 - taastusravi ja füsiaatria,34
: Kreatiniin 78 mkmol/l [norm 59 - 104],34
Kardiopulmonaalne test,34
Soovitatud alumised hambad eemaldada. Patsient soovib lateraale säilitada.,34
- M00440,34
Ühe südameklapi asenduskorrektsioon,34
Pt. tuli kontrolli.,34
- Y0175 - E95 - Psühholoog,34
-  Patsient soovib analüüside vastuseid.,34
"- RAUDSEPP, KADRI - Laborispetsialist",34
Pts dioodlaseri 2 protseduuril.,33
"ANALÜÜSIDE TELLIMUS nr: <ANONYM id=""10"" type=""mobile"" />",33
"- PIIRISILD, ÜLLE",33
"- Sumarokova, Galina - Laborant",33
: Kreatiniin 75 mkmol/l [norm 45 - 84],33
- D04696,33
Jätkab ravi.,33
"<ANONYM id=""2"" type=""per"" morph=""_H_ sg n;_H_ sg n""/>: Dieet, reziim.",33
"ANALÜÜSIDE TELLIMUS nr: <ANONYM id=""8"" type=""mobile"" />",33
7900 Röntgeniülesvõte peapiirkonnast (üks_ülesvõte),33
: Kreatiniin 77 mkmol/l [norm 45 - 84],33
Sääre kips- või kerglahase asetamine,33
Emaka ekstirp. koos iliakaalsete lümfis.-ga,33
"; <ANONYM id=""5"" type=""per"" morph=""_H_ sg n""/>, <ANONYM id=""6"" type=""per"" morph=""_H_ sg n""/>:",33
mikroalbuminuu mikroalbuminuuria,33
"SPORDIMEDITSIINILISE TERVISEUURINGU <ANONYM id=""5"" type=""per"" morph=""_S_ sg n""/>",33
C trachomatis DNA Negatiivne,33
"- VIDER, KERSTIN",33
"<ANONYM id=""2"" type=""per"" morph=""_H_ sg n;_H_ sg n""/>: nõuanne .",33
Luu biopsia,33
-  Üldseisund: rahuldav,33
a. i/v narkoosis teostatud Abrasio cavi uteri.,33
"- KALDA, REET - Sekretär",33
Killustunud liigesesis. murdude osteosünt,33
- Pöördus ise vastuvõtuosakonda.,33
- Kontrollile ei ilmunud.,33
- Kontroll kord aastas.,33
"A. <ANONYM id=""0"" type=""per"" morph=""_H_ sg n""/> D03296 Haiguse anamnees : Üldseisund rahuldav",33
vis,33
"- TUUM, MAILA - Laborispetsialist",33
7975 - Kompuutertomograafia natiivis,33
: ESR (EDTA) 2 mm/h [norm ... - 15],33
Tenosünoviidi operatiivne ravi,33
"- <ANONYM id=""4"" type=""per"" morph=""_H_ sg n""/>, MAARJALIIS - D07555 - E600 - üldarstiabi",33
Kaebus. probleemiks näonaha punetus aastaid. Ravinud ei ole ja reziimi pole puidanud,33
34 preo. krooniks,33
"- Kõht pehme, valutu. maks pole palpeeritav.",33
PATSIENT  TULEB  SÕELUURINGULE.,33
2 kuud on jalaturse. Jalaseen olnud.,33
"Pts dioodlaseri 2 protseduuril.Talub ravi hästi, peale 1 protseduuri vähene punetys, mis möödus probleemideta",33
"ANALÜÜSIDE TELLIMUS nr: <ANONYM id=""19"" type=""mobile"" />",33
AB0 veregrupi määramine statsionaarses osakonnas,33
Esmaabi kab.,33
: Basofiilide arv 0.01 x 10 9/L [norm 0 - 0.2],33
-  Üldseisund: rahuldav,33
-    Regulaarsed puhkepausid sirutus- venitus harjutustega.  .Tervise sport.,33
"POLÜSOMNOGRAAFIA PSG (12 <ANONYM id=""2"" type=""per"" morph=""_S_ sg p""/>)",33
"- <ANONYM id=""6"" type=""per"" morph=""_H_ sg n""/>, VAALJA - D01701 - E370 - sünnitusabi ja günekoloogia",33
"- KRIISA, ELLEN",33
-  pt. käis mammogtaafias tuli vastust saama - mammograafia pat. leiuta,33
"Radioloogiline uuring,",33
- D05395; E170 - kardioloogia,32
"- VÄHI, <ANONYM id=""3"" type=""per"" morph=""_H_ sg n""/> - N00532 - N500 - üldõendus",32
- Kontr.,32
"<ANONYM id=""2"" type=""per"" morph=""_H_ sg n;_H_ sg n""/>: SUHKRUHAIGE TOIDUVALIK JA LIIKUMINE. KÕRGENENUD KOLESTEROOLITASEME TOIDUVALIK JA REZIIM",32
Suunatud neuroloogi poolt.,32
-  Kae järgne kontroll OS,32
- D02342,32
"32,42 Car sec",32
"- PUNAB, <ANONYM id=""6"" type=""per"" morph=""_H_ sg n""/> - D01920 - E410 - uroloogia",32
"; <ANONYM id=""2"" type=""per"" morph=""_H_ sg n""/>, <ANONYM id=""3"" type=""per"" morph=""_S_ sg n""/>:",32
"S,P-Na 139 (136 .. 145 mmol/L )",32
"<ANONYM id=""0"" type=""per"" morph=""_H_ sg n;_H_ sg n""/>. Reumatoloog.",32
"SPORDIMEDITSIINILISE TERVISEUURINGU <ANONYM id=""5"" type=""per"" morph=""_S_ sg n""/>",32
- ANALÜÜSIDE TELLIMUS,32
: Kaalium 4.2 mmol/L [norm 3.5 - 5.0],32
: Diagnoos / Anamnees :,32
"- PÄIVISTE, ELE - Laborant",32
"- Teha regulaarseid puhkepause - iga tund 5-7 min. Sirutada, teha venitusharjutusi, vaadata aknast välja kaugusesse.",32
-  Nahk ja lim.kestad puhtad.,32
"- TAAL, KATI - Laborant",32
"ANALÜÜSIDE TELLIMUS nr: <ANONYM id=""16"" type=""mobile"" />",32
Kood ja nimetus: 7558 Kolonoskoopia (täielik) Põhjendus: uuring Kirjeldus:,32
"- kontroll 0,5a pärast",32
-  Silmarõhu mõõtmine,32
ANALÜÜSIDE VASTUSED:,32
"- LIPP, LIIA",32
"ANALÜÜSIDE TELLIMUS nr: <ANONYM id=""36"" type=""landline"" />",32
Korduv konsultatsioon,32
Kood ja nimetus: 7990 Peaaju kompuutertomograafia natiivis Põhjendus: CT uuring pea,32
"- Seppo, Irina",32
- Perearsti saatekirjaga.,32
- D00881,32
Kood ja nimetus: 66804 Immuunohistokeemiline või -tsütokeemiline uuring ühel koelõigul või tsütoloogilisel preparaadil (1 klaas) Põhjendus: histoloogiline uuring Kirjeldus:,32
"- PUNAB, <ANONYM id=""11"" type=""per"" morph=""_H_ sg n""/> - D01920 - E410 - uroloogia",32
: Kaalium 4.8 mmol/L [norm 3.5 - 5.0],32
Patsient tuli ise.,32
Kilpnääre madala asetsusega.,32
- Toodud kiirabi poolt.,32
"Invitreaalne Avastini süst paremal silmal. <ANONYM id=""17"" type=""per"" morph=""_S_ pl g""/> piirkond puhastatud 0,5 % kloorheksidiini-piiritusega, kaetud steriilse linaga. Konj.kotti loputatud 0,75 % povidon-joodi lahusega 90 sekundi vältel. Lok.tuimestus Gtt.Alkaini.Üleval temporaalsel pars plana piirkonda süstitud 0,5 ml Avastini intravitreaalselt. Ung. Tobrex",32
- D04064; E140 - gastroenteroloogia,32
"- <ANONYM id=""5"" type=""per"" morph=""_H_ sg n""/>, MAARJALIIS - D07555 - E600 - üldarstiabi",32
"Pt.-l probleemid:  peanahal ketendust,  valusaid  sõlmekesi.",32
7950 - Kilpnäärme ultraheliuuring,32
"- AASMÄE, SOFIA",32
- optometristi saatekiri,32
": Kodused protseduurid. paratsetamooli vaj, köharohi , juua rohkelt.",32
Hallux valguse operatsioon,32
"M. <ANONYM id=""0"" type=""per"" morph=""_H_ sg g""/> N03580 Haiguse anamnees / <ANONYM id=""1"" type=""per"" morph=""_S_ pl n""/>, NÄGEMINE : Pöördumise põhjus Nägemise kontroll, Silmasisese rõhu kontroll",32
Pts suunatud Dr. Raudsepa poolt dioodlaserisse,32
"- Pirožkova, Linda",31
"- UDU, IRINA",31
"- VALGEPEA, TAIMI",31
Saabub sünnitusosakonda oodatava I sünnitusega.,31
"- KAARMA-TÕNNE, <ANONYM id=""8"" type=""per"" morph=""_H_ sg n""/> - D05838 - E380 - taastusravi ja füsiaatria",31
"- REIMO, KARIN",31
- Neuroloogilise leiuta.,31
Rindkere KT natiivis,31
"ANALÜÜSIDE TELLIMUS nr: <ANONYM id=""2"" type=""mobile"" />",31
"H. PAGI D01233 Haiguse anamnees : Üldseisund <ANONYM id=""1"" type=""per"" morph=""_A_ sg n""/>.",31
7953 - Kõhu- ja vaagna piirkonna ultraheliuuring,31
"- <ANONYM id=""0"" type=""per"" morph=""_H_ sg n""/>, EVA-LIINA - D01470 - E370 - sünnitusabi ja günekoloogia",31
Ureeterorenoskoopia operatsioonid,31
Kood ja nimetus: 6402 Toonaudiomeetria Põhjendus: H90.3 Kahepoolne neurosensoorne kuulmisnõrkus Kirjeldus: tehtud Järeldus: uuring,31
- Selgitused,31
Profülaktiline läbivaatus.,31
- S-2,31
Kaelavalu hindamise küsimustik,31
"- METSKÜLA, KAJA - Laboriarst",31
-  Patsient soovib  analüüsi vastuseid.,31
"<ANONYM id=""4"" type=""per"" morph=""_H_ sg n;_H_ sg n""/>: veri",31
Kood ja nimetus: 7552 Biopsia materjali võtmine endoskoobiga (kuni viis biopsiat) Põhjendus: . Kirjeldus:,31
"-  Paraneb, jätkab ordineeritud ravi.",31
Pts dioodlaseri kordusprotseduuril,31
"<ANONYM id=""0"" type=""per"" morph=""_H_ sg n;_H_ sg n""/>: Ambulat.",31
IVF punktsioon,31
: Lümfotsüütide abs arv 3.1 x 10 9/L [norm 1.30 - 3.60],31
"- Kuiv, <ANONYM id=""2"" type=""per"" morph=""_H_ sg n""/> - D05063 - E240 - oftalmoloogia",31
Pts krüoteraapia kordusprotseduuril,31
- ANALÜÜSIDE TELLIMUS,31
-  Üldseisund-hea. Nahk/limaskestad puhtad.,31
: MPV 9.7 % [norm 5.0 - 12.0],31
: Leukotsüüdid 2 [norm ... - 2],31
"<ANONYM id=""9"" type=""per"" morph=""_H_ sg n;_H_ sg n""/>:",31
"- VÄHI, <ANONYM id=""6"" type=""per"" morph=""_H_ sg n""/> - N00532 - N500 - üldõendus",31
Funktsionaalne endoskoopiline etmoidofrontotoomia,31
RKK,31
: MPV 9.4 % [norm 5.0 - 12.0],31
"- MERILAIN, PIRET - Laborant",31
Kood ja nimetus: 7976 Kompuutertomograafia  natiivis (iga järgmine piirkond) Põhjendus: CT uuring pea,31
Neurovaskulaarultraheli,31
- Tagasi kutsutud. RKK-ravi lõppenud.,31
Kilpnäärme sonograafia,30
- Suunatud AEK -i.,30
- D04039; E160 - infektsioonhaigused,30
"Pts dioodlaseri 2 protseduuril. Peale 1 protseduuri vähene punetus, mis möödus probleemideta",30
Aeroobne külv,30
Metakoliintest,30
"Pts dioodlaseri kordus protseduuril. Talub ravi hästi, probleemideta",30
Ü totaaal,30
UH jääkuriin UH jääkuriin,30
Sünnitusjärgne kontroll.,30
*Hematoloogilised uuringud,30
RBC     ; HCT     ; MCV    ; HGB    ; MCH    ; MCHC    ; PLT     ; MPV      ; WBC     ; SR   0; Gly     ; CRV 8   ; Valem:; keppt.  0; segmt.  0; eos.    0; basof.  0; lümf.   0; monot.  0,30
RBC 0.00    ; HCT 0.00    ; MCV 0.00    ; HGB 0.00    ; MCH  0.00    ; MCHC 0.00    ; PLT  0.00    ; MPV  0.00    ; WBC 0.00    ; SR   0; Gly 0.00    ; CRV 8.00    ; Valem:; keppt.  0; segmt.  0; eos.    0; basof.  0; lümf.   0; monot.  0,30
- Õde,30
- Y0171 - E380 - taastusravi ja füsiaatria,30
Vastus:,30
-   Suunatud perearsti   poolt.,30
"1.Kubeme piirkonnas uuesti lööve, mis tekkis ~1 kuu tagasi.",30
"- PRIIMÄGI, TIINA",30
7975 Kompuutertomograafia natiivis,30
-  Nahk puhas,30
Tagasi kutsutud,30
Pts suunatud Dr. Vaheri poolt dioodlaseri protseduurile,30
"-  õde <ANONYM id=""0"" type=""per"" morph=""_H_ sg n;_H_ sg n""/>:",30
"S,P-Na 140 (136 .. 145 mmol/L )",30
: MPV 9.9 % [norm 5.0 - 12.0],30
Kontroll peale ei tulnud.,30
ASTUSED:,30
- Suunatud AEK i.,30
Kaeb: v/k-d muutunud.,30
Diagnoos: K10.3 Lõualuude alveoliit e sombupõletik,30
"- ARAK, ANDRES",30
"SPORDIMEDITSIINILISE TERVISEUURINGU <ANONYM id=""2"" type=""per"" morph=""_S_ sg n""/>",30
Elektrooniline tellimine,30
Perifeerse närvi vigastuse hiliskorrektsioon,30
- Paranenud.,30
Kaeb: soolatüükad.,30
: Kreatiniin 80 mkmol/l [norm 59 - 104],30
: MPV 9.3 % [norm 5.0 - 12.0],30
# LISAN: AS JÄRVAMAA HAIGLAS TEOSTATUD UURINGUTE JA  ANALÜÜSIDE  VASTUSED:,30
"patsiendi alahambad on väga tundlikud, F-lakk + 32 ionomeer",30
- VALVEARST,30
14 CAr sec,30
"ANALÜÜSIDE TELLIMUS nr: <ANONYM id=""17"" type=""mobile"" />",29
"Kood ja nimetus: 7950 Kilpnäärme ultraheliuuring Põhjendus: kilpnäärmest Kirjeldus: Kilpnääre  sümmeetriline,  tavalise asetsuse ja kujuga, sileda kontuuriga,.kapsel jälgitav kogu ulatusel.",29
- Diabeediõde,29
- erialaspetsialist,29
- REFRAKTSIOON    sph    cyl    ax,29
- Prillid,29
- D05838; E380 - taastusravi ja füsiaatria,29
"-  Patsient pöördus <ANONYM id=""1"" type=""per"" morph=""_H_ sg n""/> testiks",29
: Kaalium 4.5 mmol/L [norm 3.5 - 5.0],29
: MPV 8.9 % [norm 5.0 - 12.0],29
"- KAARMA-TÕNNE, <ANONYM id=""13"" type=""per"" morph=""_H_ sg n""/> - D05838 - E380 - taastusravi ja füsiaatria",29
Ambulat.,29
Biokeemia,29
Bakterid -,29
: MPV 9.0 % [norm 5.0 - 12.0],29
Herniotoomia armisonga puhul,29
"<ANONYM id=""0"" type=""per"" morph=""_H_ sg n;_S_ sg g""/>:",29
: CRP <5 mg/L [norm ... - 10],29
- patsient soovib teada analüüside vastuseid.,29
"ANALÜÜSIDE TELLIMUS nr: <ANONYM id=""15"" type=""mobile"" />",29
- Jätkab ravi.,29
"- JUHANI, ANNELI - D06001",29
"<ANONYM id=""1"" type=""per"" morph=""_H_ sg n;_H_ sg n""/>: STK",29
Uriini ribaanalüüs,29
-  Sonograafia.,29
Amniotsenteesi teostamise protokoll,29
6323 Elektrokardiograafia koos kompuuteranalüüsiga,29
"<ANONYM id=""0"" type=""per"" morph=""_H_ sg p;_H_ sg n""/>: Haige,TVL",29
Güneko-tsütoloogiline uuring,29
: Kreatiniin 75 mkmol/l [norm 59 - 104],29
"- õde: <ANONYM id=""0"" type=""per"" morph=""_H_ sg n;_H_ sg n""/>",29
Bronhide hüperreaktiivsustest,29
D44 Alveolitis.,28
Sonograafia,28
Histoloogia ee Histoloogia eesnäärmest,28
"ANALÜÜSIDE TELLIMUS nr: <ANONYM id=""21"" type=""mobile"" />",28
"Pt.-l 1976a.  onkoloogias  soole tuumori tõttu operatsioon,  sai ka  keemiaravi;mistõttu  süsteemset  antimükootilist ravi ei  saa määrata; 3a,tagasi ka op. -i haava  song;",28
töö suhu,28
"- KALA, TIINA - Laborant",28
Tuli kontrolli,28
- T0120 - Hambaarsti assistent,28
Rö.loogiliselt kopsuväljades inf. koldelisi muutusi ei näe.,28
Uriini sademe mikroskoopia,28
"Pt.-l  u. 5-6aastat  kehatüvel   teravalt piirdunud  punetav lööve  vasaku abaluu piirkónnas, ;  vöö piirkonnas  seljal  kiirgusdes  ette  kubeme  piirkonda;  reie  sisepinadel,  tuharatel  analoogne   teravalt piirdunud    punetav , ketendav  lööve. Kubemevoldis  teravalt  piirdunud  erüteem.",28
veri on korras,28
"- LINK, MARE",28
"TS_TOLOOGILINE TSÜTOLOOGILINE <ANONYM id=""0"" type=""per"" morph=""_S_ sg n""/>",28
Ravi kontrollis.,28
- RKK.,28
"- <ANONYM id=""8"" type=""per"" morph=""_H_ sg n""/>, VAALJA - D01701 - E370 - sünnitusabi ja günekoloogia",28
-  Nahk  ja limaskestad-puhtad.,28
: Automaatliini uuringud,28
D26 Per. ap. chr.,28
- Endoskoopiline uuring,28
- Ravi ei vaja.,28
"<ANONYM id=""2"" type=""per"" morph=""_Y_ ?;_H_ sg n""/>:",28
"- <ANONYM id=""0"" type=""per"" morph=""_S_ sg n""/>, MAILE - D07393 - E600 - üldarstiabi",28
"-  Õde <ANONYM id=""0"" type=""per"" morph=""_H_ sg g;_H_ sg n""/>",28
"ninakinnisus , nohud",28
: Neutrofiilid Neutrofiile vähe.,28
Parod.chr.,28
d16 Period.ap.chr.,28
- Määratud lok.+per os ravi.,28
1 kuu ravi saadud. Pt. kaebusteta.,28
esimene kadaveerse neeru siirdamine. Tx infektsiooni ja puudulikkuse tõttu siirik eemaldatud aug´09 ja sealt alates pt taas HD-ravil. IS-ravi foonil põdes siiriku ÄÄT ja CMV infektsioone.,28
"- D02834 - E340 - radioloogia Röntgenograafia Röntgeniülesvõte rindkerest (otseülesvõte, PA)",28
-  Tuli perearsti suunamisel koos analüüsidega.,28
"S,P-Na 141 (136 .. 145 mmol/L )",28
Nit 0,28
Immediaadi alustus,28
: Kreatiniin 76 mkmol/l [norm 59 - 104],28
"Suunab perearst <ANONYM id=""0"" type=""per"" morph=""_H_ sg n""/>",28
"<ANONYM id=""2"" type=""per"" morph=""_H_ sg n;_H_ sg n""/>:  ¤ AS  Järvamaa Haigla   :",28
: Kaalium 4.3 mmol/L [norm 3.5 - 5.0],28
Menetlusendoskoopia,28
PARANENUD,28
: Kreatiniin 77 mkmol/l [norm 59 - 104],28
"- VIDER, KERSTIN",28
Tagasikutse.,28
- soovib retsepti,28
"<ANONYM id=""2"" type=""per"" morph=""_H_ sg n;_H_ sg n""/>: Vereanalüüsid",28
Ultraheliuuring vaginaalselt (günekoloogiline); Ultraheliuuring kõhu- ja vaagnapiirkonnast,28
Röntgeniülesvõte sääreluudest 2-s suunas,28
"Pt.-l v/küünte  seenhaiguse  ravi   Sol.  Exoderiliga  ,  jätkab;  s/ küüntele soovitatud  Lac.  Loceryli ,(mõtleb,   võtab retsepti  perearstilt.)",28
Kood ja nimetus: R790301 Röntgeniülesvõte rindkere piirkonnast (üks ülesvõte) TTH Põhjendus: + Kirjeldus: RÖ - GRAMM KOPSUDEST:,28
"- <ANONYM id=""11"" type=""per"" morph=""_H_ sg n""/>, ENN-JAAGUP - D00685 - E330 - pulmonoloogia",28
Trahheostoomia,28
Aeroobne külv (V),28
- III POP,28
Pt. tuleb sõeluuringule.,28
"; <ANONYM id=""10"" type=""per"" morph=""_H_ sg n""/>, <ANONYM id=""11"" type=""per"" morph=""_H_ sg n""/>:",28
"- ORASON, KAARIN",28
Pts dioodlaseri 2 protseduuril,28
R_ -th Rö -th,28
D.27 Pulpitis.,28
Pts dioodlaseri 2 protseduuril,28
- Y0174 - E380 - taastusravi ja füsiaatria,28
"ANALÜÜSIDE TELLIMUS nr: <ANONYM id=""14"" type=""mobile"" />",28
-   Kaebusi ei ole.,28
Ortopantomograafia hammastest,27
"-  Välised suguelundid normaalselt arenenud.Limaskest vulval puhas,punetuseta.",27
: Lümfotsüütide abs arv 2.7 x 10 9/L [norm 1.3 - 3.6],27
: Kaalium 4.4 mmol/L [norm 3.5 - 5.0],27
Kontrollile.,27
"- PUNAB, <ANONYM id=""4"" type=""per"" morph=""_H_ sg n""/> - D01920 - E410 - uroloogia",27
"ANALÜÜSIDE TELLIMUS nr: <ANONYM id=""20"" type=""mobile"" />",27
"Südametoonid regulaarsed, rütmilised.",27
Tegevusteraapia,27
- D06326; E330 - pulmonoloogia,27
"- HÕLPUS, KAIE",27
Esmaabi kab.,27
Sonograafia,27
Kolposkoopiale suunamise näidustus:,27
: Lameepiteel 2 [norm ... - 2],27
Pt tuli valuga.,27
-  Tuli perearsti suunamisel koos eelnevalt tehtud analüüside ja uuringutega.,27
"<ANONYM id=""2"" type=""per"" morph=""_H_ sg n;_S_ adt""/>:",27
Allkiri...........................................................,27
: Mikroobid +++,27
- D03666; E410 - uroloogia,27
Ultraheliuuring raseduse hindamiseks kuni 10 näd. ( vaginaalne),27
"<ANONYM id=""0"" type=""per"" morph=""_H_ sg n;_Y_ ?""/>:",27
"; <ANONYM id=""3"" type=""per"" morph=""_H_ sg n""/>, <ANONYM id=""4"" type=""per"" morph=""_H_ sg n""/>:",27
"Nahk, limaskestad: momendil puhtad.",27
-  PCR negatiivne,27
"S,P-Na 138 (136 .. 145 mmol/L )",27
"-  Kaebusi eitab, tunneb end normaalselt. Üldseisund hea.",27
Märkus: uriin,27
Kontroll.,27
Rindkere KT natiivis ja kontrastiga,27
"Pt.  kurdab  naha  sügelemist, määrinud   nahka  taruvaigu  salviga, lööve  inteniivistunud. Pt.-i nõustamine   v/ küünte seenhaiguse  osas.",27
"<ANONYM id=""0"" type=""per"" morph=""_H_ sg n;_H_ sg n""/>:",27
"- LEPP, MARIKA",27
"<ANONYM id=""13"" type=""per"" morph=""_H_ sg n;_H_ sg n""/>:",27
: Lümfotsüütide abs arv 2.8 x 10 9/L [norm 1.3 - 3.6],27
gastroskoopia gastroskoopia,27
Suunatud perearsti poolt.,27
Kaeb: akne.,27
"-  SP kontroll x 1 0,5 aastas, kui häirib voolus , siis kasutada lokaalselt Femigeli ü/p,tsütoloogia x 1 aastas,kui võetud analüüs normi piires",27
Nägemisteravus on muutunud.,27
- D05062; E120 - endokrinoloogia,27
: Kreatiniin 81 mkmol/l [norm 59 - 104],27
- st.ii,26
"23 Per.ap.chr. Vana t. eemald. Prep.Krooni taast. Filtek D3. Jk. avamine,puhast. loput. sol.NaOCl.Ca(OH)2.Cavit.",26
-liikumisravi,26
"ANALÜÜSIDE TELLIMUS nr: <ANONYM id=""34"" type=""landline"" />",26
"-  <ANONYM id=""0"" type=""per"" morph=""_S_ sg in""/> esinev polümorfism, haiguskollete sümmeetriline paigutus, järsk piirduvus",26
79203 Ühe mähisega uuring (8 ja enam tööd) keskmise väljaga MRT-l,26
"Konsultatsioon. Staatus. Vajalik igeme- ja kaariese ravi, d24 extr. OPTG vaja teha.",26
"- NIKOPENSIUS, MERIKE - Sekretär",26
"<ANONYM id=""2"" type=""per"" morph=""_H_ sg n;_H_ sg n""/>: Vereanalüüsid",26
-  Prof. tsütoloogia. ootab vastust ja külastab naistearsti kord aastas.,26
- erialaspets,26
Müokardi Staatiline Stsintigraafia Ja/Võ,26
: Kreatiniin 50 mkmol/l [norm 45 - 84],26
Kaeb: soolatüügas.,26
Kokkuvôte,26
Põeb atoopilist dermatiiti. On kasutanud Tab Prednisolon viimase pooleteise aasta jooksul 2-4 tabletti päevas. ( 2013-2012),26
"On kasutanud Exoderil lahust nii sõrme- kui varbaküüntele, s/k-tel mõningane efekt olemas. Sõrmeküüntel on olnud varasemalt ka traumat. Peanahale jälle tekkinud kõrgem koht.",26
"RAVIN, <ANONYM id=""0"" type=""per"" morph=""_H_ sg n""/>:",26
Kolposkoopiale suunamise näidustus:,26
: MPV 10.3 % [norm 5.0 - 12.0],26
-  Edasi kontrollile 1 x aastas.,26
Konsultatsioon.Staatus.,26
Korduvsaatekirjaga. Jalgade hoolduseks.,26
Kood ja nimetus: F640201 Toonaudiomeetria TTH Põhjendus: . Kirjeldus: AD - normis,26
: Kaalium 4.6 mmol/L [norm 3.5 - 5.0],26
-  I POP,26
POP I,26
- Üldseisund häiritud.,26
"- <ANONYM id=""6"" type=""per"" morph=""_H_ sg n""/>, ENE-RENATE - D05165 - E430 - hambaravi",26
Patoanatoomiline lahang,26
Erütrotsütaarsete antikehade sõeluuring kahe erütrotsüüdiga Ei ole avastatud,26
: MPV 9.2 % [norm 5.0 - 12.0],26
"<ANONYM id=""0"" type=""per"" morph=""_H_ sg n;_H_ sg n""/>: kontr",26
; Laborant,26
"Kopsudes auskulatoorselt   vesikulaarne hingamiskahin,räginateta.",26
: Kaalium 4.7 mmol/L [norm 3.5 - 5.0],26
: Lameepiteel <1 [norm ... - 2],26
"alginaadid dgn mudeliteks, näokaar, hambumus",26
Suunatud  luutiheduse  kontrolliks.,26
"- VACHTEL, LIIDIA",26
PERIOODILINE TERVISEKONTROLL ( dr.Piho):,26
: Kreatiniin 78 mkmol/l [norm 45 - 84],26
"SUUNAB PEREARST <ANONYM id=""2"" type=""per"" morph=""_H_ sg n""/>",26
Hemogramm viieosalise leukogrammiga,26
-  patsient jääb jälgimisele,26
"- ARAK, ANDRES",26
"ANALÜÜSIDE TELLIMUS nr: <ANONYM id=""61"" type=""landline"" />",26
D17 Per. ap. chr.,26
Kood ja nimetus: 7954 Vaginaalne ultraheliuuringPõhjendus: uh,26
- Patsient soovib teada analüüside vastuseid.,26
Pts dioodlaseri kordusprotseduuril.,26
- Vistrikud.,26
-  Saabus kutsega emakakaela tsütoloogia andmiseks.,26
Antud  vere  analüüside  vastused;  prep  ja  külv seenele posit.,26
"Patsient tuli alumist proteesi parandama. Läbivaatusel märkasin palju defekte  ülemistes hammastes, mis vajaksid parandamist. Patsient saadetud röntgenisse.",26
7170 Uroflow,26
"- PRUULISTE, JELENA - Laborant",26
Ravikontroll,26
7267 - SILMADE REFRAKTSIOONI MÄÄRAMINE AUTOREFRAKTOMEETRI ABIL,26
ANESTESIOLOOGI VASTUVÕTU PROTOKOLL:,26
-  Kae järgne kontroll OD,26
: Kreatiniin 79 mkmol/l [norm 59 - 104],26
"<ANONYM id=""4"" type=""per"" morph=""_H_ sg n;_H_ sg n""/>:  ¤ AS  Järvamaa Haigla   :",26
"- <ANONYM id=""6"" type=""per"" morph=""_H_ sg n""/>, SIIRI-MERIKE - D04745 - E230 - neuroloogia",26
I POP,26
Kood ja nimetus: 7890 Peennõelabiopsia või punktsioon ultraheli või röntgeni kontrolli all Põhjendus: Struma nodosae Kirjeldus: TBA10,25
Soovib kontrollida sünnimärke.,25
"- MUTSO, KAJA",25
- Audiogrammil helivastuvõtu häire,25
Mammogramm ühest rinnast kraniokaudaalsuunas (CC),25
"- SILM, <ANONYM id=""0"" type=""per"" morph=""_H_ sg n""/> - D03564 - E44 - dermatoveneroloogia",25
Korduv visiit.,25
"- ŽURAVSKAJA, MARIA",25
Pt.  talub hästi  ravi  Terbinafiniga   250 mg  x1  ;  võtta  veel  mõned  tabletid.,25
hemogramm  B-CBC-3Diff,25
-  Suunatud AEK'i.,25
Korduv visiit.,25
- Esialgu ravi ei määra.,25
"<ANONYM id=""0"" type=""per"" morph=""_H_ sg n;_H_ sg n""/>: Temp 39 kraadi. Jõuetus väsimus, liiges ja lihasvalud. Silmade valgustundlikkus, peavalu.",25
Röntgeniülesvõte õlaliigesest 2-s suunas,25
FÜSIOTERAAPIA ARUANNE,25
Naatrium 139 (136 .. 145 mmol/L ),25
"P. <ANONYM id=""0"" type=""per"" morph=""_S_ sg n""/> D04761 Haiguse anamnees : Üldseisund rahuldav",25
- Kontroll 1 kord aastas.,25
Veresuhkru määramine stats osakonnas,25
"<ANONYM id=""2"" type=""per"" morph=""_H_ sg n;_H_ sg n""/>: Teeb anal.",25
"ANALÜÜSIDE TELLIMUS nr: <ANONYM id=""40"" type=""landline"" />",25
- Tensio,25
- Dieet.,25
Bronhoskoopia.,25
Kood ja nimetus: 7950 Kilpnäärme ultraheliuuring Põhjendus: kilpnäärmest,25
"<ANONYM id=""11"" type=""per"" morph=""_H_ sg n;_H_ sg n""/>:",25
"<ANONYM id=""2"" type=""per"" morph=""_H_ sg n;_H_ sg n""/>: Jätkab sama raviga.",25
"Patsient on suunatud pulmonoloogi poolt, õe vastuvõtule.",25
ESMANE TERVISEKONTROLL:,25
-  Kontroll 6 kuu pärast.,25
"ANALÜÜSIDE TELLIMUS nr: <ANONYM id=""39"" type=""landline"" />",25
: Kreatiniin 70 mkmol/l [norm 59 - 104],25
Erütrotsütaarsete antikehade sõeluuring kahe erütrotsüüdiga Ei ole avastatud,25
-  teostatud  analüüsid   ja uuringud:,25
Röntgeniülesvõte küünarliigesest 2-s suunas,25
Hemogramm:,25
"- ALA, SIGNE",25
: MPV 9.1 % [norm 5.0 - 12.0],25
"<ANONYM id=""0"" type=""per"" morph=""_H_ sg n;_H_ sg n""/>: Väga tugev pidev köha, läkastamine. Ninahingamine takistatud.",25
Tuli kontrolli. Kaebusteta.,25
H. PAGI D01233 Haiguse anamnees : Üldseisund Rahuldav.,25
"- KAARMA-TÕNNE, <ANONYM id=""12"" type=""per"" morph=""_H_ sg n""/> - D05838 - E380 - taastusravi ja füsiaatria",25
ilma  dünaamikata.,25
Vererõhu ööpäevane monitooring,25
Vis od=1.0,25
- ei ole saanud.,25
Kood ja nimetus: 66823 Hematoksüliin-eosiin värvinguga pahaloomulisuse diferentseeringuga biopsiamaterjali uuring (1 blokk) Põhjendus: Histoloogiline uuring Kirjeldus:,25
Anesteesia uuringu ajal väljaspool op osakonda,25
analüüside vastused,25
visus,25
"- MÖLTER, ENDA",25
Intravenoosne urograafia,25
"S,P-Na 139 (136 .. 145 mmol/L )",25
- AEK -i.,25
"- PUNAB, <ANONYM id=""9"" type=""per"" morph=""_H_ sg n""/> - D01920 - E410 - uroloogia",25
-  Psoriaasi ägenemine.,25
Trahheo-ösofageaalne punktsioon + PROVOX 2,25
Uriin testriba Uriin testribaga,24
Patsient tuli kordus dioodlaseri protseduurile.,24
"-  <ANONYM id=""0"" type=""per"" morph=""_H_ sg n""/> sperma uriini analüüsi riba:",24
Antud vastus. Analüüs tpetab jalgadel teiseslt olevat seenhaigust.,24
"- <ANONYM id=""10"" type=""per"" morph=""_H_ sg n""/>, ENN-JAAGUP - D00685 - E330 - pulmonoloogia",24
tuli ravile,24
tvl lõp.,24
Sünnitusjärgne kontroll.,24
"- PUNAB, <ANONYM id=""13"" type=""per"" morph=""_H_ sg n""/> - D01920 - E410 - uroloogia",24
Erakorraline.,24
"üldanesteesias tonsillectomia bilateralis. Tonsillid tihked, rohkelt liiteid. Op ja postop periood iseärasusteta.",24
"<ANONYM id=""0"" type=""per"" morph=""_H_ sg n;_H_ sg n""/>: väljastatud",24
Kaeb: lööve näol.,24
: Lümfotsüütide abs arv 1.1 x 10 9/L [norm 1.3 - 3.6],24
"järelkontroll, haavad valutavad, pts tarvitab dalacini, muidu ok",24
"- VÄHI, <ANONYM id=""10"" type=""per"" morph=""_H_ sg n""/> - N00532 - N500 - üldõendus",24
: Lümfotsüütide abs arv 3.4 x 10 9/L [norm 1.30 - 3.60],24
: Kreatiniin 49 mkmol/l [norm 45 - 84],24
Prof. läbivaatus.,24
Kood ja nimetus: 66804 Immuunohistokeemiline või -tsütokeemiline uuring ühel koelõigul või tsütoloogilisel preparaadil (1 klaas) Põhjendus: Histoloogiline uuring. Kirjeldus:,24
Söögitorukaudne ehhokardiograafia,24
- D06667; E350 - reumatoloogia,24
Teostatud analüüsides:,24
"- <ANONYM id=""5"" type=""per"" morph=""_H_ sg n""/>, PIIA-HEIDI - D00968 - E430 - hambaravi",24
Pts dioodlaseri 1 protseduuril,24
Soovib sünnimärke näidata.,24
- Loote sonomorfoloogia normi piires.,24
"Põletikurakud: ektotserviksis mõõdukalt põletikurakke, endotserviksis vähe põletikurakke",24
-   Kuvariga töötamisel vajab prille.,24
"konsultatsioon, plaanis 14,15 ekstr + ajutine plaat üles (hiljem plaanis kroonid maha + vajadusel JR + uued kroonid + büügel)",24
Gingivitis chronica,24
- Loobuda suitsetamisest.,24
: Ravi jätkab,24
"<ANONYM id=""0"" type=""per"" morph=""_H_ sg n""/> TURMAN:",24
"ANALÜÜSIDE TELLIMUS nr: <ANONYM id=""43"" type=""landline"" />",24
: IG 0.00 x 10 9/L [norm ... - 0.06],24
Kood ja nimetus: F632001 ElektrokardiograafiaPõhjendus: z10.0,24
"Pt.- kasutanud   Exoderili  lahust lokaalslet  s/küüntele,  lagipea piirkonnas  õhukest  valkjat  kettu;",24
"-  voolus norm,portio puhas,ut.norm suurust,valutu,liikuv,ov-d bilat ii",24
Kood ja nimetus: F640201 Toonaudiomeetria TTH Põhjendus: prof Kirjeldus: Norm audiogramm,24
Patsient käis mõõtmas keha rasva- ja veesisaldust elektrilise takistuse meetodil.,24
7918 - Röntgeniülesvõte alajäsemetest (üks ülesvõte),24
: ESR (EDTA) 4 mm/h [norm ... - 20],24
"- VÄHI, <ANONYM id=""9"" type=""per"" morph=""_H_ sg n""/> - N00532 - N500 - üldõendus",24
"- Tamm, Ljudmilla",24
3004,24
"<ANONYM id=""8"" type=""per"" morph=""_H_ sg n;_H_ sg n""/>: Jätkab sama ravi.",24
-  Ob j .Tupes vähene  voolus.  portio sile . Em normis.. adn ii.,24
D 12 Period. ap. chr.,24
- D04620,24
"<ANONYM id=""9"" type=""per"" morph=""_H_ sg n;_H_ sg n""/>: UURINGUD  ¤ AS  Järvamaa Haiglas :",24
Tuumavastased antikehad 1:10 Neg,24
"Visus 1,0",24
12 Filtek A3B,24
- Ravi lõpetatud.,24
"Pts alates 07.09. Kasutanud Cr. Elideli, mis sobis pts hästi ja punetus ninatiibadel vähenenud",24
- Liigesed turseteta.,24
- Valvearst.,24
"- VIITKAR, MARGIT - Sekretär",24
"<ANONYM id=""0"" type=""per"" morph=""_H_ sg n;_H_ sg n""/>: Pöördus INR testiks antikoagulantravi monitooringul. Patsiendi enesetunne ravi foonil on hea, puuduvad olulised kõrvaltoimed. Patsiendi ravikuulekus on hea, püüab järgida mittemedikamentoosse ravi soovitusi.",24
- gl ravi endine,24
"ANALÜÜSIDE TELLIMUS nr: <ANONYM id=""12"" type=""mobile"" />",24
"3002 - Eriarsti Esmane Vastuvõtt, 12.03.2013",24
"- PAVELKOVICH, ANASTASIA",24
: Erütrotsüüdid NEG [norm NEG - ...],24
Korduv konsultatsioon.,24
d35 Per.apicalis acuta,24
Embrüote siirdamine,24
"<ANONYM id=""0"" type=""per"" morph=""_S_ pl el""/> NILM.",24
Suunab tööterv. arst,24
"<ANONYM id=""2"" type=""per"" morph=""_H_ sg g;_Y_ ?""/>: Pereõe poolt teostatud analüüside võtmine.",24
"<ANONYM id=""11"" type=""per"" morph=""_H_ sg n;_H_ sg n""/>: UURINGUD  ¤ AS  Järvamaa Haiglas :",24
Rinnanäärme sektorresektsioon lümfis. eemald,24
"- <ANONYM id=""2"" type=""per"" morph=""_H_ sg n""/>, SIIRI-MERIKE - D04745 - E230 - neuroloogia",24
Söögitorukaudne ehhokardiograafia,24
Transport ja kilomeetrid,24
Kokkuvõte.,24
Kood ja nimetus: R790301 Röntgeniülesvõte rindkere piirkonnast (üks ülesvõte) TTH Põhjendus: prof Kirjeldus: RÖ - GRAMM KOPSUDEST:,24
"<ANONYM id=""20"" type=""per"" morph=""_H_ sg n;_H_ sg n""/>:",24
"- Tobre-Madis, <ANONYM id=""0"" type=""per"" morph=""_H_ sg n""/> - D02634 - E370 - sünnitusabi ja günekoloogia",24
HBsAg Negatiivne,24
: Lümfotsüütide abs arv 3.3 x 10 9/L [norm 1.30 - 3.60],24
Kood ja nimetus: 7558 Kolonoskoopia (täielik) Põhjendus: . Kirjeldus:,24
"<ANONYM id=""1"" type=""per"" morph=""_H_ sg n;_H_ sg n""/>: Anal",24
"Diagnoos: L60.8 Küünte haigusseisundid, muud küüne haigusseisundid",24
OPTG,24
Diagnoos: K10.2 Lõualuu (äge; krooniline; mädane) osteiit; osteomüeliit (vastsündinul); osteoradionekroos; periostiit,24
"- VIDER, KERSTIN - Laborant",23
- Y0172 - E380 - taastusravi ja füsiaatria,23
: MPV 10.2 % [norm 5.0 - 12.0],23
"<ANONYM id=""15"" type=""per"" morph=""_H_ sg n;_H_ sg n""/>:",23
"<ANONYM id=""0"" type=""per"" morph=""_H_ sg n;_H_ sg n""/>: Temp 38 kraadi. Väga tugev pidev köha, läkastamine. Ninahingamine takistatud.",23
Dünaamiline kontroll.,23
Ptstuli dioodlaseri protseduurile,23
"- <ANONYM id=""2"" type=""per"" morph=""_H_ sg n""/>, ENE-RENATE - D05165 - E430 - hambaravi",23
"Pts dioodlaseri viimasel protseduuril. Lisakaebus. kaelal, seljal nahavärvi moodustised",23
-  Uuringuvisiit.,23
: HbA1c (IFCC) 41.0 mmol/mol [norm 20.0 - 42.0],23
"POLÜSOMNOGRAAFIA PSG (12 <ANONYM id=""2"" type=""per"" morph=""_S_ sg p""/>)",23
Logopeed,23
"Pts dioodlaseri 3 protseduuril, punetus vähenenud",23
"Pt.  tuli v/ küünte  seenhaiguse  ravi  tulemust  näitama,  võtta  veel  7tabletti  Terbinafińi.",23
"ANALÜÜSIDE TELLIMUS nr: <ANONYM id=""49"" type=""landline"" />",23
"- PUNAB, <ANONYM id=""17"" type=""per"" morph=""_H_ sg n""/> - D01920 - E410 - uroloogia",23
"- PUNAB, <ANONYM id=""5"" type=""per"" morph=""_H_ sg n""/> - D01920 - E410 - uroloogia",23
Kood ja nimetus: R790301 Röntgeniülesvõte rindkere piirkonnast (üks ülesvõte) TTH Põhjendus: . Kirjeldus: RÖ - GRAMM KOPSUDEST:,23
"L. DŽAPARIDZE D00576 Haiguse anamnees / <ANONYM id=""0"" type=""per"" morph=""_S_ pl n""/>, NÄGEMINE : Pöördumise põhjus Nägemise kontroll, Silmasisese rõhu kontroll",23
Pts suunatud Dr. Pärna poolt dioodlaseri protseduurile.,23
Kood ja nimetus: 7954 Vaginaalne ultraheliuuring Põhjendus: uh Kirjeldus: em. antev .,23
"3002 - Eriarsti Esmane Vastuvõtt, 12.06.2013",23
Röntgenograafia lülisamba piirkonnast,23
aB-pH-Pnl (sisendparameetritega),23
Hammastega proov.,23
Ultraheliuuring kõhu- ja vaagnapiirkonnast; Ultraheliuuring vaginaalselt (günekoloogiline),23
"-  õde <ANONYM id=""0"" type=""per"" morph=""_H_ sg n;_H_ sg n""/>",23
Pulssoksümeetriline uuring (tasuline),23
"- Ultraheliuuringu teostaja: Dr. <ANONYM id=""1"" type=""per"" morph=""_H_ sg n;_H_ sg n""/>  (FMF litsents 42357)",23
-  Esialgu ravi ei määra.,23
emogramm,23
EhKG: Siinusrütm. Nähtavus suboptimaalne.,23
"- <ANONYM id=""6"" type=""per"" morph=""_H_ sg n""/>, PIIA-HEIDI - D00968 - E430 - hambaravi",23
: nr-ta,23
Parempoolne hemikolektoomia,23
Päksi murdude fiksatsioon kruvi abil,23
Pts krüoteraapia kordusprotseduuril. Silmalau piirkonnast punetus taandunud,23
Patema jalasäätre mediaalsel küljel on vinav haavand(eile kilekotisga säärel saunas jäinud). Ümbritsev nahk on tugevalt põletikuline.,23
"-  Teha regulaarseid puhkepause - iga tund 5-7 min. Sirutada, teha venitusharjutusi, vaadata aknast välja kaugusesse.",23
"Arst: <ANONYM id=""7"" type=""per"" morph=""_Y_ ?;_H_ sg n""/> (D01378, E120)",23
"<ANONYM id=""0"" type=""per"" morph=""_H_ sg n;_H_ sg n""/>: AUTOJUHI TERVISEUURING. Patsiendi enesetunne hea, puuduvad kaebused ja nähtavad puuded mis välistaksid mootorsõidukijuhtimise. Puuduvad andmed krampide ja teadvushäirega kulgevate seisundite, narkolepsia, alkoholi ja psühhotroopsete ainete kuritarvitamise kohta.",23
-  Tuli perearsti suunamisel koos eelnevalt tehtud analüüsidega.,23
- Väljastatud retsept.,23
Uriini k_lv Uriini külv,23
-  Soovitav regulaarne üldfüüsiline treening ja ujumine.,23
"<ANONYM id=""2"" type=""per"" morph=""_H_ sg n;_H_ sg n""/>: anal.",23
"- Kuiv, <ANONYM id=""4"" type=""per"" morph=""_H_ sg n""/> - D05063 - E240 - oftalmoloogia",23
"- VALDAS, TATJANA",23
: Lümfotsüütide abs arv 3.2 x 10 9/L [norm 1.30 - 3.60],23
Kontr :,23
: HDL kolesterool 1.9 mmol/l [norm 1.0 - ...],23
: MPV 9.6 % [norm 5.0 - 12.0],23
Kaebus:pigmendilaigud ja punetus,23
"Kood ja nimetus: 66802 Histoloogilise preparaadi 1 lisavärving (Giemsa, van Gieson) (1 klaas) Põhjendus: perh Kirjeldus: Kliinilised diagnoosid",23
: Kommentaar Nitrofurantoiini tulemus kehtib mittekomplitseeritud UTI korral,23
Jalaravi ja hooldus.,23
"-  Vis odex 1,0",23
Patsient tuli ise.,23
"- VÄHI, <ANONYM id=""16"" type=""per"" morph=""_H_ sg n""/> - N00532 - N500 - üldõendus",23
"<ANONYM id=""1"" type=""per"" morph=""_H_ sg n;_H_ sg n""/>: Pandemrix 0,5",23
Pts dioodlaseri 4 protseduuril. Talub ravi hästi,23
: Lümfotsüütide abs arv 2.4 x 10 9/L,23
"- PIIRISILD, ÜLLE",23
Kaebus: näonaha punetus,23
"ANALÜÜSIDE TELLIMUS nr: <ANONYM id=""41"" type=""landline"" />",23
"- KIVIAID, KERSTIN - Laborant",23
"<ANONYM id=""18"" type=""per"" morph=""_H_ sg n;_H_ sg n""/>:",23
"- Saadab PA <ANONYM id=""0"" type=""per"" morph=""_S_ sg n""/>,ravi",23
: MPV 10.4 % [norm 5.0 - 12.0],23
Pehmete kudede tuumori täielik ekstsisioon,23
"ANALÜÜSIDE TELLIMUS nr: <ANONYM id=""23"" type=""mobile"" />",23
Pts dioodlaseri kordusprotseduuril. Punetus peale eelmist protseduuri möödus probleemideta,23
Pts 3 dioodlaseri protseduuril,23
"SPORDIMEDITSIINILISE TERVISEUURINGU <ANONYM id=""2"" type=""per"" morph=""_S_ sg n""/>",23
CRV neg,23
Antud analüüsi vastus.,23
Pts dioodlaseri 3 protseduuril. Õhetus ja punetus näol veidi vähenenud,23
Alajäseme embol-ja trombektoomia,23
Ehhokardiograafia,23
hemogramm viieosalise leukogrammiga,23
- Y0125 - E380 - taastusravi ja füsiaatria,23
"- VANEM, KAIDI - Laborant",23
"Kood ja nimetus: 7950 Kilpnäärme ultraheliuuring Põhjendus: kilpnäärmest Kirjeldus: Kilpnääre  sümmeetriline,  tavalise asetsuse ja kujuga, sileda kontuuriga,. Kapsel jälgitav kogu ulatusel.",23
"<ANONYM id=""2"" type=""per"" morph=""_H_ sg n;_H_ sg n""/>: EKG",23
pts dioodlaseri 4 protseduuril. Peale eelmist protseduuri punetus minimaalne möödus probleemideta,23
Esmasimplantatsioon.,23
"Vererõhu Holter<ANONYM id=""0"" type=""per"" morph=""_S_ sg g""/> monitooring",22
Puusaliigese tsementeeritava endoproteesi paigaldamine,22
Pt.  võtnud  1 ravikuuri    Terbinafiniga 250 mg  x1  Nr. 28; seega  ravinud 2  kuud  v/küünte  seenhaigust.,22
- Y0161 - E95 - Psühholoog,22
"5 pruunihallikirjut koetükki läbimõõdus 5 mm - 1,6 cm. Mikroskoopiliselt kasvajakude üsna monomorfsetest basofiilsetest ümara tuumaga ja heleda tsütoplasmaga rakkudest, kohati näha väiksed nukleoolid, rakud paiknevad ridade ning väljadena, suuremate rakuväljade vahel laiemad fibrootilise strooma väädid, rohkesti kasvajakoes nekroosi ja verevalandusi. Kasvaja immuunfenotüüp: CD99 ja vimentin ""+""; panCK koldeliselt punktikujuliselt ""+""; Ki67 indeks 25%; S100, synaptophysin ja NSE koldeliselt nõrgalt positiivse reaktsiooniga; CD3, CD20 (T- ja B-lümfotsüütide markerid) ""-""; EMA, chromogranin, CD56, GFAP ""-"".",22
"- LAAK, LY",22
- Tuli perearsti suunamisel.,22
"- SILM, <ANONYM id=""8"" type=""per"" morph=""_H_ sg n""/> - D03564 - E110 - dermatoveneroloogia",22
- Analüüside ja uuringute selgitus,22
"ANALÜÜSIDE TELLIMUS nr: <ANONYM id=""51"" type=""landline"" />",22
-  II POP,22
"S,P-Na 142 (136 .. 145 mmol/L )",22
- UHD:,22
: Kreatiniin 72 mkmol/l [norm 59 - 104],22
Röntgeniülesvõte mõlemast labakäest (PA) (reumakäsi),22
"Pt. tuli  vastuvõtule, kuna  kammides  tulevat  musti "" niite""peanahalt  ; ka  abikaasal olevat  punetavad  täpid  peanahal.",22
kaeb ei ole,22
Kaebus: seoses talve külmade ilmadega ninal punetus süvenenud ja tekkinud juurde pigmendilaike,22
"- Pajuste, Tiina",22
"kaebus: kaelal väikesed nahamoodustised, mis segavad. Üks nahamoodustis on ise ära tulnud.",22
- <,22
EKG MÕÕTMISE TULEMUSED,22
: Kreatiniin 84 mkmol/l [norm 59 - 104],22
Saabub sünnitusosakonda oodatava III sünnitusega.,22
"Pts dioodlaseri kordus protseduuril. Peale eelmist protseduuri vähene punetus, mis möödus probleemideta",22
kontrolli,22
: Kreatiniin 81 mkmol/l [norm 45 - 84],22
Lameepiteelirakud: reaktiivsete muutustega lameepiteelirakke,22
Y30051 - Taastusarsti esmane vastuvõtt,22
"- VÄHI, <ANONYM id=""8"" type=""per"" morph=""_H_ sg n""/> - N00532 - N500 - üldõendus",22
TVL pikend.,22
"- PALU, ERE",22
Pt.  tuli  v/ küünte  seenhaiguse lokaalse ravi  tulemust näitama.,22
"<ANONYM id=""3"" type=""per"" morph=""_H_ sg n;_H_ sg n""/>:  ¤ AS  Järvamaa Haigla   :",22
"5400 - Haige uurimine, konsultatsioon, staatuse märkimine, raviplaani koostamine, hügieeni- või paradontaalindeksite määramine, hambakatu eemaldamine, 30.01.2012",22
: ESR (EDTA) 12 mm/h [norm ... - 20],22
ERCPG,22
Biopsia vōtmine(v.a.op-i ajal),22
Pt. ravikontrollil.,22
Pt.-l probleem  v/ küünet   muutusega.,22
"G. <ANONYM id=""0"" type=""per"" morph=""_H_ sg g""/> D05544 Haiguse anamnees : Peamine probleem JA/VÕI kaebus Kaebusteta",22
Ninakõrvalkoobaste KT natiivis,22
Aplikatsioonitest allergeenidega,22
Pts dioodlaseri 3 protseduuril. Punetus vähenenud,22
"<ANONYM id=""1"" type=""per"" morph=""_H_ sg n;_H_ sg n""/>: Õe nõustamine",22
: HbA1c (IFCC) 42.1 mmol/mol [norm 20.0 - 42.0],22
"ANALÜÜSIDE TELLIMUS nr: <ANONYM id=""18"" type=""mobile"" />",22
Kaeb: lööve põskedel.,22
EA!,22
"S,P-Na 138 (136 .. 145 mmol/L )",22
Kaebus: pts nina otsas üksik punetav paapul. Pts ravimid otsas,22
46 Per. chr.,22
Pts dioodlaseri kordus s.t 4 protseduuril. Punetus vähenenud,22
"Põletikurakud: Ektotserviksis rohkelt põletikurakke, Endotserviksis mõõdukalt põletikurakke",22
Kilpnäärme radikaalne ekstirpatsioon,22
: ESR (EDTA) 7 mm/h [norm ... - 20],22
Kliiniliselt retsidiivita.,22
"11 Vana krooni eemaldus, tihvtköndi eemaldus.",22
kontroll,22
: INR  2.5 [norm 0.85 - 1.25],22
"<ANONYM id=""0"" type=""per"" morph=""_H_ sg n;_Y_ ?""/>: *Hematoloogilised uuringud",22
"-  Vis  odex 1,0",22
-  RR: 110/70 mmHg,22
: Kreatiniin 79 mkmol/l [norm 45 - 84],22
Kontrollil.,22
Jätkab süsteemse seenhaiguse ravi II-III kuuga.,22
Pts dioodlaseri 3 protseduuril. Pts ravitulemusega rahul,22
lööve on ägedam.,22
- Kaebusteta.,22
: CRP <1 mg/L [norm ... - 5],22
- Spetsialist,22
Füsioteraapia(30 min),22
Kood ja nimetus: 66804 Immuunohistokeemiline või -tsütokeemiline uuring ühel koelõigul või tsütoloogilisel preparaadil (1 klaas) Põhjendus: Histoloogiline uuring Kirjeldus:,22
Arve  lõpetatud,22
"ANALÜÜSIDE TELLIMUS nr: <ANONYM id=""42"" type=""landline"" />",22
Cysta radicularis? Reg. Dd 33-43,22
"<ANONYM id=""0"" type=""per"" morph=""_H_ sg n;_H_ sg n""/>:  Väga tugev pidev köha, läkastamine. Ninahingamine takistatud.",22
Postop OD,22
Südame KT natiivis (kaltsium skoor) ja koronaararterite KT kontrastainega,22
Pts seoses päikesega punetus ninal intensiivistunud,22
: Kreatiniin 68 mkmol/l [norm 59 - 104],22
"ANALÜÜSIDE TELLIMUS nr: <ANONYM id=""56"" type=""landline"" />",22
"Patsient nahasügeluse tõttu teinud korduvalt sügeliste ja peatäitõve ravi, tunneb putukate hammustusjälgi.",22
"14,15",22
: Kreatiniin 76 mkmol/l [norm 45 - 84],22
"Kaebused:  peanahale  tekivad  sügelevad  ""punnid"", juuksed  :; tunneb, et keegi "" kõnnib "" peanahal,  näol nagu  sulega keegi  paitab, peab  nahka  puutuma;   keha  nahk  peale  pesemist  ikka  kleepuv.",22
"Korrigeeritud alumist proteesi, hambakivi eemaldamine sub- ja supragingivaalselt",22
Pts dioodlaseri 2 protseduuril. Peale 1 protseduuri punetus minimaalne ja möödus probleemideta,22
Järelkontroll.,22
: Mikrofloora Kepiline mikrofloora.,22
"- Füsioterapeut <ANONYM id=""0"" type=""per"" morph=""_H_ sg n;_H_ sg n""/>",22
"Pts dioodlaseri 3 protseduuril. Talub ravi hästi, punetus vähenenud",22
- pt. toodud kiirabiga.,22
Pts dioodlaseri 4 protseduuril. Punetus ninal tunduvalt vähenenud,22
Pts dioodlaseri 4 protseduuril. Punetus vähenemas,22
"õmbluste eemaldus, patsiendil hetkel protees püsib,",22
Kilpnäärme kontroll,22
7912 - Röntgeniülesvõte vaagnapiirkonnast (üks ülesvõte),22
"- PUNAB, <ANONYM id=""2"" type=""per"" morph=""_H_ sg n""/> - D01920 - E410 - uroloogia",21
: Kreatiniin 67 mkmol/l [norm 59 - 104],21
Röntgenograafia pea piirkonnast,21
Subj.kaebusteta.,21
- Küüned kahjustunud.,21
Pöördub kontrollile.,21
"- LAASIK, TIINA - Spetsialist",21
Kood ja nimetus: 6340 Täismahus ehhokardiograafia Põhjendus: I11.9 Südamekahjustusega hüpertooniatõbi ilma (kongestiivse) südam,21
- TÖÖTAMISEL EI  VAJA PRILLE,21
: Kreatiniin 86 mkmol/l [norm 59 - 104],21
- Loobuda suitsetamisest,21
"-  P/v - tupp, portio puhas, em ja adn iseärasusteta. KOH test -.",21
KILPN. USG KILPN. USG,21
-  Gün. kontroll  1 x aastas   .,21
mammograafia:,21
KT peaajust,21
Eesmine spondülodees+korporodees transp.-ga,21
Pts krüoteraapia kordusprotseduuril. Kaebus vasemal silmalaul punetus ja sügelus,21
"3002 - Eriarsti Esmane Vastuvõtt, 24.04.2013",21
: CRP 1 mg/L [norm ... - 5],21
- Analüüside ja uuringute selgitus.,21
"<ANONYM id=""0"" type=""per"" morph=""_H_ sg n;_H_ sg n""/>: Kurdab 2-3 päeva tugevat valu neelamisel, t 37,5-37,8 piires. Koduravi võtted vähese efektiga.",21
-  Loote sonomorfoloogia normi piires,21
Kood ja nimetus: 7947 Raseduse ultraheliuuring Põhjendus: Loote anatoomia Kirjeldus: Cor reg.,21
konsiilium: tõenäoselt kopsudes väikesed metastaasid. Näidustatud tinglikult neoadjuvantne keemiaravi. Seejärel uuesti hinnata kopsukoldeid ja otsustada kiiritusravi lisamine.,21
-  Tavapärane jälgimine NN-s,21
- Valvearst,21
: Lümfotsüütide abs arv 1.8 x 10 9/L,21
UH doppleruuring emaka ja munasarjade veresoontest; Ultraheliuuring vaginaalselt (günekoloogiline),21
- S-3,21
-  I trimestri skriining:,21
"Pts dioodlaseri 4 protseduuril. Talub ravi hästi, ravitulemustega rahul",21
Kliinilise keemia uuringud:,21
TVT Põlveliigese magnetuuring,21
"<ANONYM id=""1"" type=""per"" morph=""_H_ sg n;_H_ sg n""/>: Celvapan 0,5",21
"- Tobre-Madis, <ANONYM id=""5"" type=""per"" morph=""_H_ sg n""/> - D02634 - E370 - sünnitusabi ja günekoloogia",21
"-  Ravi lõppenud, protseduurid läbitud. Pats. enesetunne tunduvalt paranenud. Olemas positiivne dünaamika. Soovitatav kodus jätkata LR ja korrata teraapiat vajadusel.",21
"Tupeloputus, rõnga vahetus.",21
; Laborant Güneko-tsütoloogiline uuring,21
: HDL kolesterool 0.9 mmol/l [norm 1.0 - ...],21
-  Patsient suunatud  ITK  Silmakliinik Ravi 18,21
"- KALLION, KAJA - D03524",21
: INR  2.3 [norm 0.85 - 1.25],21
-  RR: 120 / 70 dx  mmHg,21
"- <ANONYM id=""9"" type=""per"" morph=""_H_ sg n""/>, VAALJA - D01701 - E370 - sünnitusabi ja günekoloogia",21
Selgitused analüüside kohta,21
- kuulmise langus,21
Põletikurakud: ektotserviksis rohkelt põletikurakke,21
"- REIMAA, RUTH",21
Kood ja nimetus: 7953 Kõhu- ja vaagnapiirkonna ultraheliuuring Põhjendus: kilpnäärmest,21
"<ANONYM id=""1"" type=""per"" morph=""_H_ sg n;_H_ sg n""/>: Nõuanded",21
CRV 8 mg/l,21
- D04038; E160 - infektsioonhaigused,21
jätkab ravi,21
: Kreatiniin 69 mkmol/l [norm 59 - 104],21
- Vajadusel korduv LOR.,21
-  EMO,21
POP II,21
Er -,21
: MPV 10.0 % [norm 5.0 - 12.0],21
ekg,21
-   Üldseisund - hea,21
"- AASMÄE, SOFIA",21
Pt.  võtnud  4  kuud Tbl.  Terbinafini 250 mg  x1;,21
-  Taastusravi 2x aastas.,21
-  Cationorm x 3 mõlemasse silma,21
- D01735; E370 - sünnitusabi ja günekoloogia,21
konsultatsioon.,21
: Kreatiniin 74 mkmol/l [norm 59 - 104],21
ANALÜÜSID,21
Pts dioodlaseri 3 protseduuril. Talub ravi hästi.,21
Pt. ortopeedi soovitusel teinud 4.04 OPTG.,21
-  Kontroll 2 aasta tagant või vajadusel.,21
"- JÄRV, HELLE - Laborispetsialist",21
"- VÄHI, <ANONYM id=""12"" type=""per"" morph=""_H_ sg n""/> - N00532 - N500 - üldõendus",21
